Student Id Number,Enrolled Semester,Program,Registration Status,Grad./ Withdraw Date,Withdrawal Reason,Start Date,
="770062096",="SPRING 2021",="Practical Nursing",="Withdrawn",="9/3/2025",="Academic Dismissal",="1/3/2022",
="800001300",="SPRING 2024",Associate of Applied Science in Nursing One + One,="Withdrawn",="9/3/2025",="Academic Dismissal",="1/2/2024",
="800001360",="SUMMER 2024",="Practical Nursing",="Withdrawn",="9/3/2025",="Academic Dismissal",="4/29/2024",
="800001436",="FALL 2024",="Practical Nursing",="Withdrawn",="9/3/2025",="Academic Dismissal",="8/26/2024",
="800001473",="FALL 2024",="Practical Nursing",="Withdrawn",="9/3/2025",="Academic Dismissal",="8/26/2024",
="800001489",="FALL 2024",Associate of Applied Science in Nursing One + One,="Withdrawn",="9/3/2025",="Academic Dismissal",="8/26/2024",
="800001506",="FALL 2024",="Practical Nursing",="Withdrawn",="9/3/2025",="Academic Dismissal",="8/26/2024",
="800001525",="FALL 2024",="Practical Nursing",="Withdrawn",="9/3/2025",="Academic Dismissal",="8/26/2024",
="800001029",="FALL 2024",="Practical Nursing",="Withdrawn",="9/3/2025",="Academic Dismissal",="8/26/2024",
="800001558",="SPRING 2025",Associate of Applied Science in Nursing One + One,="Withdrawn",="9/3/2025",="Academic Dismissal",="1/6/2025",
="800001614",="SPRING 2025",Associate of Applied Science in Nursing One + One,="Withdrawn",="9/3/2025",="Academic Dismissal",="1/6/2025",
="800001618",="SPRING 2025",Associate of Applied Science in Nursing One + One,="Withdrawn",="9/3/2025",="Academic Dismissal",="1/6/2025",
="800001646",="SPRING 2025",Associate of Applied Science in Nursing One + One,="Withdrawn",="9/3/2025",="Academic Dismissal",="1/6/2025",
="800001696",="SPRING 2025",="Practical Nursing",="Withdrawn",="9/3/2025",="Academic Dismissal",="1/6/2025",
="770000745",="SPRING 2025",="Practical Nursing",="Withdrawn",="9/3/2025",="Academic Dismissal",="1/6/2025",
="800001581",="SUMMER 2025",="Practical Nursing",="Withdrawn",="9/3/2025",="Academic Dismissal",="5/12/2025",
="800001257",="SPRING 2024",Associate of Applied Science in Nursing One + One,="Withdrawn",="9/8/2025",="Academic Dismissal",="1/6/2025",
="800001589",="SPRING 2025",Associate of Applied Science in Nursing One + One,="Withdrawn",="9/10/2025",="",="1/6/2025",
="800001699",="SUMMER 2025",="Practical Nursing",="Withdrawn",="9/12/2025",="",="5/12/2025",
="800001787",="SUMMER 2025",="Practical Nursing",="Withdrawn",="9/12/2025",="",="5/12/2025",
="800000878",="SPRING 2024",Associate of Applied Science in Nursing One + One,="Withdrawn",="9/19/2025",="Academic Dismissal",="1/2/2024",
="800001960",="FALL 2025",="Practical Nursing",="Withdrawn",="9/23/2025",="",="9/2/2025",
="800001705",="SUMMER 2025",="Practical Nursing",="Withdrawn",="9/24/2025",="Personal",="5/12/2025",
="800001893",="FALL 2025",="Practical Nursing",="Withdrawn",="10/13/2025",Administrative Withdrawal,="9/2/2025",
="800001961",="FALL 2025",="Practical Nursing",="Withdrawn",="10/16/2025",="",="9/2/2025",
="800001621",="SPRING 2025",="Practical Nursing",="Withdrawn",="10/18/2025",="",="1/6/2025",
="800001602",="SPRING 2025",Associate of Applied Science in Nursing One + One,="Withdrawn",="11/9/2025",="",="1/6/2025",
="800001765",="SUMMER 2025",="Practical Nursing",="Withdrawn",="11/9/2025",="Personal",="5/12/2025",
="800001497",="FALL 2024",Associate of Applied Science in Nursing One + One,="Withdrawn",="11/10/2025",="Personal",="8/26/2024",
="800001810",="SUMMER 2025",="Practical Nursing",="Withdrawn",="11/18/2025",="",="5/12/2025",
="800001901",="FALL 2025",="Practical Nursing",="Withdrawn",="12/1/2025",="Academic Dismissal",="9/2/2025",
="800001843",="FALL 2025",="Practical Nursing",="Withdrawn",="12/4/2025",="",="9/2/2025",
="800001946",="FALL 2025",="Practical Nursing",="Withdrawn",="12/4/2025",="",="9/2/2025",
="800001832",="FALL 2025",="Practical Nursing",="Withdrawn",="12/5/2025",="",="9/2/2025",
="800001907",="FALL 2025",="Practical Nursing",="Withdrawn",="12/6/2025",="",="9/2/2025",
="800001766",="FALL 2025",="Practical Nursing",="Withdrawn",="12/8/2025",="",="9/2/2025",
="800001882",="FALL 2025",="Practical Nursing",="Withdrawn",="12/9/2025",="Personal",="9/2/2025",
="800001728",="SUMMER 2025",="Practical Nursing",="Withdrawn",="12/12/2025",="Personal Problems",="5/12/2025",
="800001947",="FALL 2025",="Practical Nursing",="Withdrawn",="12/18/2025",="Personal Problems",="9/2/2025",
="800000659",="FALL 2026",Associate of Applied Science in Nursing One + One,="Withdrawn",="12/19/2025",="Academic Dismissal",="8/31/2026",
="800001104",="FALL 2023",Associate of Applied Science in Nursing One + One,="Withdrawn",="12/19/2025",="Academic Dismissal",="9/5/2023",
="800001351",="SUMMER 2024",Associate of Applied Science in Nursing One + One,="Withdrawn",="12/19/2025",="Academic Dismissal",="4/29/2024",
="800001363",="SUMMER 2024",Associate of Applied Science in Nursing One + One,="Withdrawn",="12/19/2025",Administrative Withdrawal,="4/29/2024",
="800001484",="FALL 2024",="Practical Nursing",="Withdrawn",="12/19/2025",="Academic Dismissal",="8/26/2024",
="800000230",="FALL 2024",="Practical Nursing",="Withdrawn",="12/19/2025",="Academic Dismissal",="8/26/2024",
="800001586",="SPRING 2025",Associate of Applied Science in Nursing One + One,="Withdrawn",="12/19/2025",Administrative Withdrawal,="1/6/2025",
="800001634",="SPRING 2025",Associate of Applied Science in Nursing One + One,="Withdrawn",="12/19/2025",="Academic Dismissal",="1/6/2025",
="800001642",="SPRING 2025",Associate of Applied Science in Nursing One + One,="Withdrawn",="12/19/2025",Administrative Withdrawal,="1/6/2025",
="800001652",="SPRING 2025",="Practical Nursing",="Withdrawn",="12/19/2025",="Academic Dismissal",="1/6/2025",
="770062456",="SPRING 2025",="Practical Nursing",="Withdrawn",="12/19/2025",="Academic Dismissal",="1/6/2025",
="800001719",="SUMMER 2025",="Practical Nursing",="Withdrawn",="12/19/2025",Administrative Withdrawal,="5/5/2025",
="800001745",="SUMMER 2025",="Practical Nursing",="Withdrawn",="12/19/2025",="Academic Dismissal",="5/12/2025",
="800001760",="SUMMER 2025",="Practical Nursing",="Withdrawn",="12/19/2025",="",="5/12/2025",
="800001784",="SUMMER 2025",="Practical Nursing",="Withdrawn",="12/19/2025",="Academic Dismissal",="5/12/2025",
="800001801",="SUMMER 2025",="Practical Nursing",="Withdrawn",="12/19/2025",="Academic Dismissal",="5/12/2025",
="800001812",="SUMMER 2025",="Practical Nursing",="Withdrawn",="12/19/2025",Administrative Withdrawal,="5/12/2025",
="770000452",="FALL 2025",Associate of Applied Science in Nursing One + One,="Withdrawn",="12/19/2025",Administrative Withdrawal,="9/2/2025",
="800001919",="FALL 2025",="Practical Nursing",="Withdrawn",="12/19/2025",Administrative Withdrawal,="9/2/2025",
="800001181",="FALL 2025",Associate of Applied Science in Nursing One + One,="Withdrawn",="12/19/2025",="Personal",="9/2/2025",
="800001471",="SPRING 2025",Associate of Applied Science in Nursing One + One,="Withdrawn",="12/29/2025",="",="1/6/2025",
="800001623",="SPRING 2025",Associate of Applied Science in Nursing One + One,="Withdrawn",="12/30/2025",="Academic Dismissal",="1/6/2025",
="800000228",="FALL 2024",Associate of Applied Science in Nursing One + One,="Withdrawn",="1/8/2026",="Personal",="8/26/2024",
="800001604",="FALL 2025",="Practical Nursing",="Withdrawn",="1/12/2026",="Family",="9/2/2025",
="800001691",="SPRING 2025",Associate of Applied Science in Nursing One + One,="Withdrawn",="1/13/2026",="",="1/6/2025",
="800001833",="FALL 2025",="Practical Nursing",="Withdrawn",="1/13/2026",="",="9/2/2025",
="800001776",="SUMMER 2025",="Practical Nursing",="Withdrawn",="1/23/2026",="Health",="5/12/2025",
="800001827",="FALL 2025",Associate of Applied Science in Nursing One + One,="Withdrawn",="1/30/2026",="Undisclosed",="9/2/2025",
="800001838",="FALL 2025",Associate of Applied Science in Nursing One + One,="Withdrawn",="1/30/2026",="Undisclosed",="9/2/2025",
="800002038",="SPRING 2026",Associate of Applied Science in Nursing One + One,="Withdrawn",="2/6/2026",="No Show",="1/5/2026",
="800001733",="SUMMER 2025",="Practical Nursing",="Withdrawn",="2/12/2026",=" Academic Dishonesty",="5/12/2025",
="800001823",="FALL 2025",="Practical Nursing",="Withdrawn",="2/21/2026",Administrative Withdrawal,="9/2/2025",
