Student Id Number,Course Number,Course Title,Class Name,Class Start Date,Class End Date,Grade Title,
="800000348",="NUR120-L",Foundations of Adult Nursing I - Lab,="NUR120-L-A1",="1/12/2026",="2/23/2026",="U",
="800001517",="NUR135",Foundations of Obstetrics Nursing,="NUR135-A",="1/7/2026",="2/25/2026",="WF",
="800001665",="NUR135",Foundations of Obstetrics Nursing,="NUR135-A",="1/7/2026",="2/25/2026",="C",
="800001667",="NUR135",Foundations of Obstetrics Nursing,="NUR135-A",="1/7/2026",="2/25/2026",="WF",
="800001681",="NUR135",Foundations of Obstetrics Nursing,="NUR135-A",="1/7/2026",="2/25/2026",="A",
="800001739",="NUR135",Foundations of Obstetrics Nursing,="NUR135-A",="1/7/2026",="2/25/2026",="WF",
="800001802",="NUR135",Foundations of Obstetrics Nursing,="NUR135-A",="1/7/2026",="2/25/2026",="B",
="800000348",="NUR120",Foundations of Adult Nursing I w/Lab & Clinical,="NUR120-A",="1/5/2026",="2/24/2026",="WF",
="800001443",="NUR120",Foundations of Adult Nursing I w/Lab & Clinical,="NUR120-A",="1/5/2026",="2/24/2026",="C",
="800001484",="NUR120",Foundations of Adult Nursing I w/Lab & Clinical,="NUR120-A",="1/5/2026",="2/24/2026",="F",
="800001650",="NUR120",Foundations of Adult Nursing I w/Lab & Clinical,="NUR120-A",="1/5/2026",="2/24/2026",="B",
="800001665",="NUR120",Foundations of Adult Nursing I w/Lab & Clinical,="NUR120-A",="1/5/2026",="2/24/2026",="B",
="800001667",="NUR120",Foundations of Adult Nursing I w/Lab & Clinical,="NUR120-A",="1/5/2026",="2/24/2026",="WF",
="800001733",="NUR120",Foundations of Adult Nursing I w/Lab & Clinical,="NUR120-A",="1/5/2026",="2/24/2026",="F",
="800001815",="NUR120",Foundations of Adult Nursing I w/Lab & Clinical,="NUR120-A",="1/5/2026",="2/24/2026",="B",
="800001862",="NUR120",Foundations of Adult Nursing I w/Lab & Clinical,="NUR120-A",="1/5/2026",="2/24/2026",="WP",
="800001867",="NUR120",Foundations of Adult Nursing I w/Lab & Clinical,="NUR120-A",="1/5/2026",="2/24/2026",="C",
="800001878",="NUR120",Foundations of Adult Nursing I w/Lab & Clinical,="NUR120-A",="1/5/2026",="2/24/2026",="C",
="800001892",="NUR120",Foundations of Adult Nursing I w/Lab & Clinical,="NUR120-A",="1/5/2026",="2/24/2026",="B",
="800001905",="NUR120",Foundations of Adult Nursing I w/Lab & Clinical,="NUR120-A",="1/5/2026",="2/24/2026",="WF",
="800001910",="NUR120",Foundations of Adult Nursing I w/Lab & Clinical,="NUR120-A",="1/5/2026",="2/24/2026",="WF",
="800001934",="NUR120",Foundations of Adult Nursing I w/Lab & Clinical,="NUR120-A",="1/5/2026",="2/24/2026",="WP",
="800001114",="NUR120",Foundations of Adult Nursing I w/Lab & Clinical,="NUR120-P",="1/5/2026",="2/24/2026",="C",
="800001197",="NUR120",Foundations of Adult Nursing I w/Lab & Clinical,="NUR120-P",="1/5/2026",="2/24/2026",="F",
="800001439",="NUR120",Foundations of Adult Nursing I w/Lab & Clinical,="NUR120-P",="1/5/2026",="2/24/2026",="WP",
="800001517",="NUR120",Foundations of Adult Nursing I w/Lab & Clinical,="NUR120-P",="1/5/2026",="2/24/2026",="B",
="800001543",="NUR120",Foundations of Adult Nursing I w/Lab & Clinical,="NUR120-P",="1/5/2026",="2/24/2026",="WP",
="800001572",="NUR120",Foundations of Adult Nursing I w/Lab & Clinical,="NUR120-P",="1/5/2026",="2/24/2026",="F",
="800001633",="NUR120",Foundations of Adult Nursing I w/Lab & Clinical,="NUR120-P",="1/5/2026",="2/24/2026",="B",
="800001643",="NUR120",Foundations of Adult Nursing I w/Lab & Clinical,="NUR120-P",="1/5/2026",="2/24/2026",="F",
="800001689",="NUR120",Foundations of Adult Nursing I w/Lab & Clinical,="NUR120-P",="1/5/2026",="2/24/2026",="C",
="800001714",="NUR120",Foundations of Adult Nursing I w/Lab & Clinical,="NUR120-P",="1/5/2026",="2/24/2026",="C",
="800001724",="NUR120",Foundations of Adult Nursing I w/Lab & Clinical,="NUR120-P",="1/5/2026",="2/24/2026",="C",
="800001739",="NUR120",Foundations of Adult Nursing I w/Lab & Clinical,="NUR120-P",="1/5/2026",="2/24/2026",="C",
="800001821",="NUR120",Foundations of Adult Nursing I w/Lab & Clinical,="NUR120-P",="1/5/2026",="2/24/2026",="C",
="800001829",="NUR120",Foundations of Adult Nursing I w/Lab & Clinical,="NUR120-P",="1/5/2026",="2/24/2026",="WP",
="800001840",="NUR120",Foundations of Adult Nursing I w/Lab & Clinical,="NUR120-P",="1/5/2026",="2/24/2026",="WP",
="800001841",="NUR120",Foundations of Adult Nursing I w/Lab & Clinical,="NUR120-P",="1/5/2026",="2/24/2026",="C",
="800001852",="NUR120",Foundations of Adult Nursing I w/Lab & Clinical,="NUR120-P",="1/5/2026",="2/24/2026",="WP",
="800001856",="NUR120",Foundations of Adult Nursing I w/Lab & Clinical,="NUR120-P",="1/5/2026",="2/24/2026",="WP",
="800001876",="NUR120",Foundations of Adult Nursing I w/Lab & Clinical,="NUR120-P",="1/5/2026",="2/24/2026",="WP",
="800001917",="NUR120",Foundations of Adult Nursing I w/Lab & Clinical,="NUR120-P",="1/5/2026",="2/24/2026",="B",
="800001924",="NUR120",Foundations of Adult Nursing I w/Lab & Clinical,="NUR120-P",="1/5/2026",="2/24/2026",="C",
="800001925",="NUR120",Foundations of Adult Nursing I w/Lab & Clinical,="NUR120-P",="1/5/2026",="2/24/2026",="C",
="800001940",="NUR120",Foundations of Adult Nursing I w/Lab & Clinical,="NUR120-P",="1/5/2026",="2/24/2026",="B",
="800001308",="NUR120",Foundations of Adult Nursing I w/Lab & Clinical,="NUR120-P",="1/5/2026",="2/24/2026",="W",
="800001315",="NUR145",Foundations of Pediatric Nursing,="NUR145 - P",="1/5/2026",="2/27/2026",="B",
="800001330",="NUR145",Foundations of Pediatric Nursing,="NUR145 - P",="1/5/2026",="2/27/2026",="B",
="800001498",="NUR145",Foundations of Pediatric Nursing,="NUR145 - P",="1/5/2026",="2/27/2026",="B",
="800001553",="NUR145",Foundations of Pediatric Nursing,="NUR145 - P",="1/5/2026",="2/27/2026",="C",
="800001580",="NUR145",Foundations of Pediatric Nursing,="NUR145 - P",="1/5/2026",="2/27/2026",="C",
="800001587",="NUR145",Foundations of Pediatric Nursing,="NUR145 - P",="1/5/2026",="2/27/2026",="A",
="800001593",="NUR145",Foundations of Pediatric Nursing,="NUR145 - P",="1/5/2026",="2/27/2026",="B",
="800001605",="NUR145",Foundations of Pediatric Nursing,="NUR145 - P",="1/5/2026",="2/27/2026",="B",
="800001625",="NUR145",Foundations of Pediatric Nursing,="NUR145 - P",="1/5/2026",="2/27/2026",="B",
="800001644",="NUR145",Foundations of Pediatric Nursing,="NUR145 - P",="1/5/2026",="2/27/2026",="B",
="800001655",="NUR145",Foundations of Pediatric Nursing,="NUR145 - P",="1/5/2026",="2/27/2026",="A",
="800001695",="NUR145",Foundations of Pediatric Nursing,="NUR145 - P",="1/5/2026",="2/27/2026",="B",
="800001711",="NUR145",Foundations of Pediatric Nursing,="NUR145 - P",="1/5/2026",="2/27/2026",="B",
="800001712",="NUR145",Foundations of Pediatric Nursing,="NUR145 - P",="1/5/2026",="2/27/2026",="B",
="800001740",="NUR145",Foundations of Pediatric Nursing,="NUR145 - P",="1/5/2026",="2/27/2026",="A",
="800001751",="NUR145",Foundations of Pediatric Nursing,="NUR145 - P",="1/5/2026",="2/27/2026",="A",
="800001757",="NUR145",Foundations of Pediatric Nursing,="NUR145 - P",="1/5/2026",="2/27/2026",="C",
="800001761",="NUR145",Foundations of Pediatric Nursing,="NUR145 - P",="1/5/2026",="2/27/2026",="WF",
="800001778",="NUR145",Foundations of Pediatric Nursing,="NUR145 - P",="1/5/2026",="2/27/2026",="C",
="800001789",="NUR145",Foundations of Pediatric Nursing,="NUR145 - P",="1/5/2026",="2/27/2026",="B",
="800001793",="NUR145",Foundations of Pediatric Nursing,="NUR145 - P",="1/5/2026",="2/27/2026",="B",
="800001798",="NUR145",Foundations of Pediatric Nursing,="NUR145 - P",="1/5/2026",="2/27/2026",="WF",
="800001802",="NUR145",Foundations of Pediatric Nursing,="NUR145 - P",="1/5/2026",="2/27/2026",="F",
="800001803",="NUR145",Foundations of Pediatric Nursing,="NUR145 - P",="1/5/2026",="2/27/2026",="B",
="800001813",="NUR145",Foundations of Pediatric Nursing,="NUR145 - P",="1/5/2026",="2/27/2026",="B",
="800001867",="NUR150-L",Foundations of Adult Nursing II - Lab,="NUR150 -L-A1",="3/9/2026",="4/6/2026",="U",
="770000409",="NUR255",Behavioral Health Nursing w/Clinical,="NUR255 -P",="1/8/2026",="2/26/2026",="B",
="800000927",="NUR255",Behavioral Health Nursing w/Clinical,="NUR255 -P",="1/8/2026",="2/26/2026",="B",
="800000934",="NUR255",Behavioral Health Nursing w/Clinical,="NUR255 -P",="1/8/2026",="2/26/2026",="B",
="800001142",="NUR255",Behavioral Health Nursing w/Clinical,="NUR255 -P",="1/8/2026",="2/26/2026",="B",
="800001292",="NUR255",Behavioral Health Nursing w/Clinical,="NUR255 -P",="1/8/2026",="2/26/2026",="B",
="800001318",="NUR255",Behavioral Health Nursing w/Clinical,="NUR255 -P",="1/8/2026",="2/26/2026",="B",
="800001410",="NUR255",Behavioral Health Nursing w/Clinical,="NUR255 -P",="1/8/2026",="2/26/2026",="B",
="800001928",="NUR120",Foundations of Adult Nursing I w/Lab & Clinical,="NUR120-P",="1/5/2026",="2/24/2026",="C",
="800001867",="NUR125-L",Foundations of IV Therapy and Phelbotomy - Lab,="NUR125-L-A1",="1/13/2026",="3/24/2026",="U",
="800001771",="NUR150-L",Foundations of Adult Nursing II - Lab,="NUR150 -L-A1",="3/9/2026",="4/6/2026",="S",
="800001771",="NUR150-C",Foundations of Adult Nursing II - Clinical,="NUR150-C-A4",="3/30/2026",="4/18/2026",="S",
="800001708",="NUR150-C",Foundations of Adult Nursing II - Clinical,="NUR150-C-A5",="3/29/2026",="4/16/2026",="U",
="800001708",="NUR150-L",Foundations of Adult Nursing II - Lab,="NUR150-L-P1",="3/11/2026",="4/8/2026",="U",
="800002066",="NUR100-C",Foundations of Nursing - Clinical,="NUR100-C-P2",="4/4/2026",="4/11/2026",="U",
="800002066",="NUR100-L",Foundations of Nursing - Lab,="NUR100-L-A1",="1/6/2026",="4/14/2026",="U",
="800000722",="NUR403",="Nursing Leadership",="NUR403",="1/7/2026",="2/25/2026",="A",
="800001513",="NUR403",="Nursing Leadership",="NUR403",="1/7/2026",="2/25/2026",="B",
="800000722",="NUR401",="Informatics",="NUR401",="1/7/2026",="2/20/2026",="A",
="800001513",="NUR401",="Informatics",="NUR401",="1/7/2026",="2/20/2026",="A",
="770000737",="NUT100",Nutrition Across the Lifespan,="NUT100 -OL II",="1/10/2026",="4/11/2026",="B",
="800001572",="NUT100",Nutrition Across the Lifespan,="NUT100 -OL II",="1/10/2026",="4/11/2026",="B",
="800001823",="NUT100",Nutrition Across the Lifespan,="NUT100 -OL II",="1/10/2026",="4/11/2026",="W",
="800001829",="NUT100",Nutrition Across the Lifespan,="NUT100 -OL II",="1/10/2026",="4/11/2026",="A",
="800001864",="NUT100",Nutrition Across the Lifespan,="NUT100 -OL II",="1/10/2026",="4/11/2026",="A",
="800001876",="NUT100",Nutrition Across the Lifespan,="NUT100 -OL II",="1/10/2026",="4/11/2026",="A",
="800001878",="NUT100",Nutrition Across the Lifespan,="NUT100 -OL II",="1/10/2026",="4/11/2026",="B",
="800001905",="NUT100",Nutrition Across the Lifespan,="NUT100 -OL II",="1/10/2026",="4/11/2026",="B",
="800001908",="NUT100",Nutrition Across the Lifespan,="NUT100 -OL II",="1/10/2026",="4/11/2026",="A",
="800001910",="NUT100",Nutrition Across the Lifespan,="NUT100 -OL II",="1/10/2026",="4/11/2026",="A",
="800001934",="NUT100",Nutrition Across the Lifespan,="NUT100 -OL II",="1/10/2026",="4/11/2026",="B",
="800001513",="SCI310",Hematology and Immunology,="SCI310",="1/8/2026",="4/9/2026",="C",
="800001591",="SCI310",Hematology and Immunology,="SCI310",="1/8/2026",="4/9/2026",="A",
="770000737",="PHARM100",="Dosage and Calculation",="PHARM100-P-1",="2/4/2026",="4/8/2026",="B",
="800001649",="PHARM100",="Dosage and Calculation",="PHARM100-P-1",="2/4/2026",="4/8/2026",="A",
="800001757",="PHARM100",="Dosage and Calculation",="PHARM100-P-1",="2/4/2026",="4/8/2026",="F",
="800001842",="PHARM100",="Dosage and Calculation",="PHARM100-P-1",="2/4/2026",="4/8/2026",="B",
="800001874",="PHARM100",="Dosage and Calculation",="PHARM100-P-1",="2/4/2026",="4/8/2026",="C",
="800001903",="PHARM100",="Dosage and Calculation",="PHARM100-P-1",="2/4/2026",="4/8/2026",="B",
="800001922",="PHARM100",="Dosage and Calculation",="PHARM100-P-1",="2/4/2026",="4/8/2026",="C",
="800001939",="PHARM100",="Dosage and Calculation",="PHARM100-P-1",="2/4/2026",="4/8/2026",="F",
="800001943",="PHARM100",="Dosage and Calculation",="PHARM100-P-1",="2/4/2026",="4/8/2026",="C",
="770062103",="NUR201",Contemporary Nursing Practice w/Lab,="NUR201-A",="1/8/2026",="3/25/2026",="F",
="800001902",="NUR201",Contemporary Nursing Practice w/Lab,="NUR201-A",="1/8/2026",="3/25/2026",="B",
="800002005",="NUR201",Contemporary Nursing Practice w/Lab,="NUR201-A",="1/8/2026",="3/25/2026",="B",
="800002038",="NUR201",Contemporary Nursing Practice w/Lab,="NUR201-A",="1/8/2026",="3/25/2026",="W",
="770000409",="STAT101",Introduction to Statistics,="STAT101-A",="1/9/2026",="4/10/2026",="C",
="800000927",="STAT101",Introduction to Statistics,="STAT101-A",="1/9/2026",="4/10/2026",="F",
="800001031",="STAT101",Introduction to Statistics,="STAT101-A",="1/9/2026",="4/10/2026",="F",
="800001094",="STAT101",Introduction to Statistics,="STAT101-A",="1/9/2026",="4/10/2026",="C",
="800001368",="STAT101",Introduction to Statistics,="STAT101-A",="1/9/2026",="4/10/2026",="C",
="800001415",="STAT101",Introduction to Statistics,="STAT101-A",="1/9/2026",="4/10/2026",="C",
="800001445",="STAT101",Introduction to Statistics,="STAT101-A",="1/9/2026",="4/10/2026",="C",
="800001529",="STAT101",Introduction to Statistics,="STAT101-A",="1/9/2026",="4/10/2026",="B",
="800001673",="STAT101",Introduction to Statistics,="STAT101-A",="1/9/2026",="4/10/2026",="C",
="800001701",="STAT101",Introduction to Statistics,="STAT101-A",="1/9/2026",="4/10/2026",="B",
="800002038",="STAT101",Introduction to Statistics,="STAT101-A",="1/9/2026",="4/10/2026",="W",
="800001591",="MAT300",Statistics for Healthcare,="MATH 300",="1/5/2026",="4/6/2026",="B",
="800001613",="MAT300",Statistics for Healthcare,="MATH 300",="1/5/2026",="4/6/2026",="A",
="800001963",="MAT300",Statistics for Healthcare,="MATH 300",="1/5/2026",="4/6/2026",="B",
="800001958",="SCI201",="Microbiology w/Lab",="SCI201-A",="1/6/2026",="4/14/2026",="B",
="800001959",="SCI201",="Microbiology w/Lab",="SCI201-A",="1/6/2026",="4/14/2026",="A",
="800001963",="SCI201",="Microbiology w/Lab",="SCI201-A",="1/6/2026",="4/14/2026",="B",
="800000941",="MCB100",="Microbiology with Lab",="MCB100 -A",="1/6/2026",="4/14/2026",="B",
="800001031",="MCB100",="Microbiology with Lab",="MCB100 -A",="1/6/2026",="4/14/2026",="B",
="800001094",="MCB100",="Microbiology with Lab",="MCB100 -A",="1/6/2026",="4/14/2026",="C",
="800001322",="MCB100",="Microbiology with Lab",="MCB100 -A",="1/6/2026",="4/14/2026",="B",
="800001324",="MCB100",="Microbiology with Lab",="MCB100 -A",="1/6/2026",="4/14/2026",="B",
="800001368",="MCB100",="Microbiology with Lab",="MCB100 -A",="1/6/2026",="4/14/2026",="B",
="800001445",="MCB100",="Microbiology with Lab",="MCB100 -A",="1/6/2026",="4/14/2026",="B",
="800001468",="MCB100",="Microbiology with Lab",="MCB100 -A",="1/6/2026",="4/14/2026",="B",
="800001529",="MCB100",="Microbiology with Lab",="MCB100 -A",="1/6/2026",="4/14/2026",="B",
="800001626",="MCB100",="Microbiology with Lab",="MCB100 -A",="1/6/2026",="4/14/2026",="C",
="800001673",="MCB100",="Microbiology with Lab",="MCB100 -A",="1/6/2026",="4/14/2026",="C",
="800001679",="MCB100",="Microbiology with Lab",="MCB100 -A",="1/6/2026",="4/14/2026",="B",
="800001838",="MCB100",="Microbiology with Lab",="MCB100 -A",="1/6/2026",="4/14/2026",="W",
="800002005",="MCB100",="Microbiology with Lab",="MCB100 -A",="1/6/2026",="4/14/2026",="C",
="770000409",="SOC101",Introduction to Sociology,="SOC101 -OL",="1/10/2026",="4/12/2026",="B",
="800001445",="SOC101",Introduction to Sociology,="SOC101 -OL",="1/10/2026",="4/12/2026",="A",
="800001468",="SOC101",Introduction to Sociology,="SOC101 -OL",="1/10/2026",="4/12/2026",="A",
="800001529",="SOC101",Introduction to Sociology,="SOC101 -OL",="1/10/2026",="4/12/2026",="B",
="800001607",="SOC101",Introduction to Sociology,="SOC101 -OL",="1/10/2026",="4/12/2026",="A",
="800001701",="SOC101",Introduction to Sociology,="SOC101 -OL",="1/10/2026",="4/12/2026",="B",
="800001958",="SCI102",="Physiology w/lab",="SCI102-A",="1/7/2026",="4/15/2026",="B",
="800001959",="SCI102",="Physiology w/lab",="SCI102-A",="1/7/2026",="4/15/2026",="A",
="800001963",="SCI102",="Physiology w/lab",="SCI102-A",="1/7/2026",="4/15/2026",="B",
="770062103",="AP209",Human Physiology with Lab,="AP209 -A",="1/7/2026",="4/15/2026",="C",
="800001322",="AP209",Human Physiology with Lab,="AP209 -A",="1/7/2026",="4/15/2026",="F",
="800001324",="AP209",Human Physiology with Lab,="AP209 -A",="1/7/2026",="4/15/2026",="F",
="800001508",="AP209",Human Physiology with Lab,="AP209 -A",="1/7/2026",="4/15/2026",="F",
="800001657",="AP209",Human Physiology with Lab,="AP209 -A",="1/7/2026",="4/15/2026",="C",
="800001902",="AP209",Human Physiology with Lab,="AP209 -A",="1/7/2026",="4/15/2026",="B",
="800002005",="AP209",Human Physiology with Lab,="AP209 -A",="1/7/2026",="4/15/2026",="B",
="800002038",="AP209",Human Physiology with Lab,="AP209 -A",="1/7/2026",="4/15/2026",="W",
="800001845",="AP100",Introduction to Anatomy and Physiology,="AP100-P",="1/8/2026",="4/16/2026",="C",
="800001864",="AP100",Introduction to Anatomy and Physiology,="AP100-P",="1/8/2026",="4/16/2026",="A",
="800001888",="AP100",Introduction to Anatomy and Physiology,="AP100-P",="1/8/2026",="4/16/2026",="B",
="800001955",="AP100",Introduction to Anatomy and Physiology,="AP100-P",="1/8/2026",="4/16/2026",="B",
="800001983",="AP100",Introduction to Anatomy and Physiology,="AP100-P",="1/8/2026",="4/16/2026",="F",
="800001986",="AP100",Introduction to Anatomy and Physiology,="AP100-P",="1/8/2026",="4/16/2026",="B",
="800001987",="AP100",Introduction to Anatomy and Physiology,="AP100-P",="1/8/2026",="4/16/2026",="B",
="800001998",="AP100",Introduction to Anatomy and Physiology,="AP100-P",="1/8/2026",="4/16/2026",="B",
="800002023",="AP100",Introduction to Anatomy and Physiology,="AP100-P",="1/8/2026",="4/16/2026",="B",
="800002026",="AP100",Introduction to Anatomy and Physiology,="AP100-P",="1/8/2026",="4/16/2026",="C",
="800002029",="AP100",Introduction to Anatomy and Physiology,="AP100-P",="1/8/2026",="4/16/2026",="B",
="800002042",="AP100",Introduction to Anatomy and Physiology,="AP100-P",="1/8/2026",="4/16/2026",="C",
="800002049",="AP100",Introduction to Anatomy and Physiology,="AP100-P",="1/8/2026",="4/16/2026",="C",
="800002052",="AP100",Introduction to Anatomy and Physiology,="AP100-P",="1/8/2026",="4/16/2026",="W",
="800002062",="AP100",Introduction to Anatomy and Physiology,="AP100-P",="1/8/2026",="4/16/2026",="B",
="800002064",="AP100",Introduction to Anatomy and Physiology,="AP100-P",="1/8/2026",="4/16/2026",="F",
="800000428",="NUR404",Nursing Leadership Capstone,="NUR404",="1/7/2026",="4/15/2026",="A",
="800000461",="NUR404",Nursing Leadership Capstone,="NUR404",="1/7/2026",="4/15/2026",="A",
="800000625",="NUR404",Nursing Leadership Capstone,="NUR404",="1/7/2026",="4/15/2026",="A",
="800000774",="NUR404",Nursing Leadership Capstone,="NUR404",="1/7/2026",="4/15/2026",="A",
="800000754",="PHARM225",Pharmacology for Registered Nurses,="PHARM225-B_P",="1/5/2026",="4/13/2026",="B",
="800001031",="PHARM225",Pharmacology for Registered Nurses,="PHARM225-B_P",="1/5/2026",="4/13/2026",="C",
="800001094",="PHARM225",Pharmacology for Registered Nurses,="PHARM225-B_P",="1/5/2026",="4/13/2026",="B",
="800001529",="PHARM225",Pharmacology for Registered Nurses,="PHARM225-B_P",="1/5/2026",="4/13/2026",="A",
="800001548",="PHARM225",Pharmacology for Registered Nurses,="PHARM225-B_P",="1/5/2026",="4/13/2026",="C",
="800001673",="PHARM225",Pharmacology for Registered Nurses,="PHARM225-B_P",="1/5/2026",="4/13/2026",="C",
="800001679",="ENG101",="English Composition I",="ENG101 -P",="1/9/2026",="4/10/2026",="A",
="800001830",="ENG101",="English Composition I",="ENG101 -P",="1/9/2026",="4/10/2026",="A",
="800001902",="ENG101",="English Composition I",="ENG101 -P",="1/9/2026",="4/10/2026",="A",
="800001998",="ENG101",="English Composition I",="ENG101 -P",="1/9/2026",="4/10/2026",="A",
="800002005",="ENG101",="English Composition I",="ENG101 -P",="1/9/2026",="4/10/2026",="A",
="800002029",="ENG101",="English Composition I",="ENG101 -P",="1/9/2026",="4/10/2026",="A",
="770000409",="ENG102",="English Composition II",="ENG102 - OL",="1/10/2026",="4/5/2026",="B",
="800001415",="ENG102",="English Composition II",="ENG102 - OL",="1/10/2026",="4/5/2026",="A",
="800001445",="ENG102",="English Composition II",="ENG102 - OL",="1/10/2026",="4/5/2026",="A",
="800001468",="ENG102",="English Composition II",="ENG102 - OL",="1/10/2026",="4/5/2026",="A",
="800001562",="ENG102",="English Composition II",="ENG102 - OL",="1/10/2026",="4/5/2026",="A",
="800001657",="ENG102",="English Composition II",="ENG102 - OL",="1/10/2026",="4/5/2026",="A",
="800001681",="ENG102",="English Composition II",="ENG102 - OL",="1/10/2026",="4/5/2026",="A",
="800001701",="ENG102",="English Composition II",="ENG102 - OL",="1/10/2026",="4/5/2026",="A",
="800001838",="ENG102",="English Composition II",="ENG102 - OL",="1/10/2026",="4/5/2026",="W",
="800000722",="ENG222",Professional Communication,="ENG222-OL",="1/10/2026",="4/18/2026",="A",
="800001591",="ENG222",Professional Communication,="ENG222-OL",="1/10/2026",="4/18/2026",="A",
="800001613",="ENG222",Professional Communication,="ENG222-OL",="1/10/2026",="4/18/2026",="A",
="800001963",="ENG222",Professional Communication,="ENG222-OL",="1/10/2026",="4/18/2026",="A",
="770000737",="NUR100",Foundations of Nursing w/Lab & Clinical,="NUR100-P",="1/5/2026",="4/20/2026",="C",
="800001842",="NUR100",Foundations of Nursing w/Lab & Clinical,="NUR100-P",="1/5/2026",="4/20/2026",="C",
="800001845",="NUR100",Foundations of Nursing w/Lab & Clinical,="NUR100-P",="1/5/2026",="4/20/2026",="F",
="800001903",="NUR100",Foundations of Nursing w/Lab & Clinical,="NUR100-P",="1/5/2026",="4/20/2026",="C",
="800001921",="NUR100",Foundations of Nursing w/Lab & Clinical,="NUR100-P",="1/5/2026",="4/20/2026",="F",
="800001922",="NUR100",Foundations of Nursing w/Lab & Clinical,="NUR100-P",="1/5/2026",="4/20/2026",="F",
="800001939",="NUR100",Foundations of Nursing w/Lab & Clinical,="NUR100-P",="1/5/2026",="4/20/2026",="F",
="800001943",="NUR100",Foundations of Nursing w/Lab & Clinical,="NUR100-P",="1/5/2026",="4/20/2026",="C",
="800001955",="NUR100",Foundations of Nursing w/Lab & Clinical,="NUR100-P",="1/5/2026",="4/20/2026",="B",
="800001983",="NUR100",Foundations of Nursing w/Lab & Clinical,="NUR100-P",="1/5/2026",="4/20/2026",="F",
="800001986",="NUR100",Foundations of Nursing w/Lab & Clinical,="NUR100-P",="1/5/2026",="4/20/2026",="B",
="800001987",="NUR100",Foundations of Nursing w/Lab & Clinical,="NUR100-P",="1/5/2026",="4/20/2026",="B",
="800002023",="NUR100",Foundations of Nursing w/Lab & Clinical,="NUR100-P",="1/5/2026",="4/20/2026",="B",
="800002029",="NUR100",Foundations of Nursing w/Lab & Clinical,="NUR100-P",="1/5/2026",="4/20/2026",="B",
="800002042",="NUR100",Foundations of Nursing w/Lab & Clinical,="NUR100-P",="1/5/2026",="4/20/2026",="F",
="800002044",="NUR100",Foundations of Nursing w/Lab & Clinical,="NUR100-P",="1/5/2026",="4/20/2026",="C",
="800002049",="NUR100",Foundations of Nursing w/Lab & Clinical,="NUR100-P",="1/5/2026",="4/20/2026",="F",
="800002052",="NUR100",Foundations of Nursing w/Lab & Clinical,="NUR100-P",="1/5/2026",="4/20/2026",="W",
="800002062",="NUR100",Foundations of Nursing w/Lab & Clinical,="NUR100-P",="1/5/2026",="4/20/2026",="B",
="800002064",="NUR100",Foundations of Nursing w/Lab & Clinical,="NUR100-P",="1/5/2026",="4/20/2026",="F",
="800001114",="PHARM130",Pharmacology for Practical Nurses,="PHARM130-A",="1/8/2026",="4/16/2026",="B",
="800001308",="PHARM130",Pharmacology for Practical Nurses,="PHARM130-A",="1/8/2026",="4/16/2026",="F",
="800001484",="PHARM130",Pharmacology for Practical Nurses,="PHARM130-A",="1/8/2026",="4/16/2026",="W",
="800001543",="PHARM130",Pharmacology for Practical Nurses,="PHARM130-A",="1/8/2026",="4/16/2026",="F",
="800001572",="PHARM130",Pharmacology for Practical Nurses,="PHARM130-A",="1/8/2026",="4/16/2026",="C",
="800001590",="PHARM130",Pharmacology for Practical Nurses,="PHARM130-A",="1/8/2026",="4/16/2026",="F",
="800001623",="PHARM130",Pharmacology for Practical Nurses,="PHARM130-A",="1/8/2026",="4/16/2026",="F",
="800001634",="PHARM130",Pharmacology for Practical Nurses,="PHARM130-A",="1/8/2026",="4/16/2026",="C",
="800001723",="PHARM130",Pharmacology for Practical Nurses,="PHARM130-A",="1/8/2026",="4/16/2026",="F",
="800001739",="PHARM130",Pharmacology for Practical Nurses,="PHARM130-A",="1/8/2026",="4/16/2026",="F",
="800001775",="PHARM130",Pharmacology for Practical Nurses,="PHARM130-A",="1/8/2026",="4/16/2026",="C",
="800001802",="PHARM130",Pharmacology for Practical Nurses,="PHARM130-A",="1/8/2026",="4/16/2026",="C",
="800001852",="PHARM130",Pharmacology for Practical Nurses,="PHARM130-A",="1/8/2026",="4/16/2026",="B",
="800001862",="PHARM130",Pharmacology for Practical Nurses,="PHARM130-A",="1/8/2026",="4/16/2026",="C",
="800001864",="PHARM130",Pharmacology for Practical Nurses,="PHARM130-A",="1/8/2026",="4/16/2026",="B",
="800001867",="PHARM130",Pharmacology for Practical Nurses,="PHARM130-A",="1/8/2026",="4/16/2026",="F",
="800001878",="PHARM130",Pharmacology for Practical Nurses,="PHARM130-A",="1/8/2026",="4/16/2026",="B",
="800001884",="PHARM130",Pharmacology for Practical Nurses,="PHARM130-A",="1/8/2026",="4/16/2026",="A",
="800001888",="PHARM130",Pharmacology for Practical Nurses,="PHARM130-A",="1/8/2026",="4/16/2026",="A",
="800001892",="PHARM130",Pharmacology for Practical Nurses,="PHARM130-A",="1/8/2026",="4/16/2026",="C",
="800001905",="PHARM130",Pharmacology for Practical Nurses,="PHARM130-A",="1/8/2026",="4/16/2026",="F",
="800001908",="PHARM130",Pharmacology for Practical Nurses,="PHARM130-A",="1/8/2026",="4/16/2026",="B",
="800001910",="PHARM130",Pharmacology for Practical Nurses,="PHARM130-A",="1/8/2026",="4/16/2026",="F",
="800001917",="PHARM130",Pharmacology for Practical Nurses,="PHARM130-A",="1/8/2026",="4/16/2026",="B",
="800001928",="PHARM130",Pharmacology for Practical Nurses,="PHARM130-A",="1/8/2026",="4/16/2026",="C",
="800001934",="PHARM130",Pharmacology for Practical Nurses,="PHARM130-A",="1/8/2026",="4/16/2026",="F",
="800001940",="PHARM130",Pharmacology for Practical Nurses,="PHARM130-A",="1/8/2026",="4/16/2026",="B",
="800001954",="PHARM130",Pharmacology for Practical Nurses,="PHARM130-A",="1/8/2026",="4/16/2026",="B",
="800001441",="NUR102",Foundations of Nursing II,="NUR102 - A",="2/2/2026",="4/15/2026",="W",
="800001863",="NUR102",Foundations of Nursing II,="NUR102 - A",="2/2/2026",="4/15/2026",="B",
="800001950",="NUR102",Foundations of Nursing II,="NUR102 - A",="2/2/2026",="4/15/2026",="F",
="800001959",="NUR102",Foundations of Nursing II,="NUR102 - A",="2/2/2026",="4/15/2026",="A",
="800001985",="NUR102",Foundations of Nursing II,="NUR102 - A",="2/2/2026",="4/15/2026",="C",
="800002001",="NUR102",Foundations of Nursing II,="NUR102 - A",="2/2/2026",="4/15/2026",="F",
="800002010",="NUR102",Foundations of Nursing II,="NUR102 - A",="2/2/2026",="4/15/2026",="C",
="800002011",="NUR102",Foundations of Nursing II,="NUR102 - A",="2/2/2026",="4/15/2026",="B",
="800002017",="NUR102",Foundations of Nursing II,="NUR102 - A",="2/2/2026",="4/15/2026",="C",
="800002018",="NUR102",Foundations of Nursing II,="NUR102 - A",="2/2/2026",="4/15/2026",="F",
="800002020",="NUR102",Foundations of Nursing II,="NUR102 - A",="2/2/2026",="4/15/2026",="F",
="800002021",="NUR102",Foundations of Nursing II,="NUR102 - A",="2/2/2026",="4/15/2026",="B",
="800002035",="NUR102",Foundations of Nursing II,="NUR102 - A",="2/2/2026",="4/15/2026",="C",
="800002036",="NUR102",Foundations of Nursing II,="NUR102 - A",="2/2/2026",="4/15/2026",="F",
="800002053",="NUR102",Foundations of Nursing II,="NUR102 - A",="2/2/2026",="4/15/2026",="B",
="800002059",="NUR102",Foundations of Nursing II,="NUR102 - A",="2/2/2026",="4/15/2026",="C",
="800002062",="NUR102",Foundations of Nursing II,="NUR102 - A",="2/2/2026",="4/15/2026",="C",
="800002066",="NUR102",Foundations of Nursing II,="NUR102 - A",="2/2/2026",="4/15/2026",="WF",
="800001845",="NUR102",Foundations of Nursing II,="NUR102 - P",="2/2/2026",="4/15/2026",="F",
="800001955",="NUR102",Foundations of Nursing II,="NUR102 - P",="2/2/2026",="4/15/2026",="B",
="800001983",="NUR102",Foundations of Nursing II,="NUR102 - P",="2/2/2026",="4/15/2026",="F",
="800001986",="NUR102",Foundations of Nursing II,="NUR102 - P",="2/2/2026",="4/15/2026",="C",
="800001987",="NUR102",Foundations of Nursing II,="NUR102 - P",="2/2/2026",="4/15/2026",="B",
="800002026",="NUR102",Foundations of Nursing II,="NUR102 - P",="2/2/2026",="4/15/2026",="C",
="800002029",="NUR102",Foundations of Nursing II,="NUR102 - P",="2/2/2026",="4/15/2026",="C",
="800002042",="NUR102",Foundations of Nursing II,="NUR102 - P",="2/2/2026",="4/15/2026",="F",
="800002044",="NUR102",Foundations of Nursing II,="NUR102 - P",="2/2/2026",="4/15/2026",="F",
="800002049",="NUR102",Foundations of Nursing II,="NUR102 - P",="2/2/2026",="4/15/2026",="F",
="800002052",="NUR102",Foundations of Nursing II,="NUR102 - P",="2/2/2026",="4/15/2026",="W",
="800002064",="NUR102",Foundations of Nursing II,="NUR102 - P",="2/2/2026",="4/15/2026",="F",
="800000754",="HUM200",="Ethics",="HUM200 -OL",="1/10/2026",="4/5/2026",="B",
="800000941",="HUM200",="Ethics",="HUM200 -OL",="1/10/2026",="4/5/2026",="C",
="800001292",="HUM200",="Ethics",="HUM200 -OL",="1/10/2026",="4/5/2026",="A",
="800001368",="HUM200",="Ethics",="HUM200 -OL",="1/10/2026",="4/5/2026",="A",
="800001410",="HUM200",="Ethics",="HUM200 -OL",="1/10/2026",="4/5/2026",="A",
="800001468",="HUM200",="Ethics",="HUM200 -OL",="1/10/2026",="4/5/2026",="A",
="800001502",="HUM200",="Ethics",="HUM200 -OL",="1/10/2026",="4/5/2026",="A",
="800001827",="HUM200",="Ethics",="HUM200 -OL",="1/10/2026",="4/5/2026",="W",
="800001838",="HUM200",="Ethics",="HUM200 -OL",="1/10/2026",="4/5/2026",="W",
="800000927",="NUR245",Nursing Care of Mothers and Infants w/Lab & Clinical,="NUR245 - P",="1/6/2026",="4/21/2026",="C",
="800001031",="NUR245",Nursing Care of Mothers and Infants w/Lab & Clinical,="NUR245 - P",="1/6/2026",="4/21/2026",="F",
="800001094",="NUR245",Nursing Care of Mothers and Infants w/Lab & Clinical,="NUR245 - P",="1/6/2026",="4/21/2026",="C",
="800001410",="NUR245",Nursing Care of Mothers and Infants w/Lab & Clinical,="NUR245 - P",="1/6/2026",="4/21/2026",="B",
="800001529",="NUR245",Nursing Care of Mothers and Infants w/Lab & Clinical,="NUR245 - P",="1/6/2026",="4/21/2026",="C",
="800001548",="NUR245",Nursing Care of Mothers and Infants w/Lab & Clinical,="NUR245 - P",="1/6/2026",="4/21/2026",="F",
="800000722",="NUR402",Genetics/Genomics in Nursing,="NUR402",="3/13/2026",="4/17/2026",="A",
="800001513",="NUR402",Genetics/Genomics in Nursing,="NUR402",="3/13/2026",="4/17/2026",="A",
="800000722",="NUR400",Advanced Concepts of Care,="NUR400",="1/8/2026",="3/26/2026",="C",
="800001513",="NUR400",Advanced Concepts of Care,="NUR400",="1/8/2026",="3/26/2026",="B",
="800000722",="NUR303",Quality Improvement in Nursing Practice,="NUR303",="3/4/2026",="4/24/2026",="A",
="800001513",="NUR303",Quality Improvement in Nursing Practice,="NUR303",="3/4/2026",="4/24/2026",="A",
="800001591",="NUR303",Quality Improvement in Nursing Practice,="NUR303",="3/4/2026",="4/24/2026",="A",
="800000952",="PHARM130",Pharmacology for Practical Nurses,="PHARM130-P",="1/7/2026",="4/15/2026",="WF",
="800001197",="PHARM130",Pharmacology for Practical Nurses,="PHARM130-P",="1/7/2026",="4/15/2026",="F",
="800001439",="PHARM130",Pharmacology for Practical Nurses,="PHARM130-P",="1/7/2026",="4/15/2026",="B",
="800001689",="PHARM130",Pharmacology for Practical Nurses,="PHARM130-P",="1/7/2026",="4/15/2026",="C",
="800001735",="PHARM130",Pharmacology for Practical Nurses,="PHARM130-P",="1/7/2026",="4/15/2026",="C",
="800001821",="PHARM130",Pharmacology for Practical Nurses,="PHARM130-P",="1/7/2026",="4/15/2026",="C",
="800001829",="PHARM130",Pharmacology for Practical Nurses,="PHARM130-P",="1/7/2026",="4/15/2026",="C",
="800001840",="PHARM130",Pharmacology for Practical Nurses,="PHARM130-P",="1/7/2026",="4/15/2026",="C",
="800001841",="PHARM130",Pharmacology for Practical Nurses,="PHARM130-P",="1/7/2026",="4/15/2026",="F",
="800001856",="PHARM130",Pharmacology for Practical Nurses,="PHARM130-P",="1/7/2026",="4/15/2026",="F",
="800001860",="PHARM130",Pharmacology for Practical Nurses,="PHARM130-P",="1/7/2026",="4/15/2026",="C",
="800001876",="PHARM130",Pharmacology for Practical Nurses,="PHARM130-P",="1/7/2026",="4/15/2026",="C",
="800001924",="PHARM130",Pharmacology for Practical Nurses,="PHARM130-P",="1/7/2026",="4/15/2026",="C",
="800001925",="PHARM130",Pharmacology for Practical Nurses,="PHARM130-P",="1/7/2026",="4/15/2026",="C",
="800001846",="PSY101",Introduction to Psychology,="PSY101 -A",="1/8/2026",="4/9/2026",="B",
="800001902",="PSY101",Introduction to Psychology,="PSY101 -A",="1/8/2026",="4/9/2026",="B",
="800002005",="PSY101",Introduction to Psychology,="PSY101 -A",="1/8/2026",="4/9/2026",="B",
="800002015",="PSY101",Introduction to Psychology,="PSY101 -A",="1/8/2026",="4/9/2026",="F",
="770062103",="PHARM225",Pharmacology for Registered Nurses,="PHARM225-A_P",="1/5/2026",="4/13/2026",="F",
="800001466",="PHARM225",Pharmacology for Registered Nurses,="PHARM225-A_P",="1/5/2026",="4/13/2026",="C",
="800001502",="PHARM225",Pharmacology for Registered Nurses,="PHARM225-A_P",="1/5/2026",="4/13/2026",="B",
="800001508",="PHARM225",Pharmacology for Registered Nurses,="PHARM225-A_P",="1/5/2026",="4/13/2026",="B",
="800001626",="PHARM225",Pharmacology for Registered Nurses,="PHARM225-A_P",="1/5/2026",="4/13/2026",="C",
="800001657",="PHARM225",Pharmacology for Registered Nurses,="PHARM225-A_P",="1/5/2026",="4/13/2026",="B",
="800001701",="PHARM225",Pharmacology for Registered Nurses,="PHARM225-A_P",="1/5/2026",="4/13/2026",="F",
="800001827",="PHARM225",Pharmacology for Registered Nurses,="PHARM225-A_P",="1/5/2026",="4/13/2026",="W",
="800001613",="HUM300",Ethical Issues in Healthcare,="HUM 300",="3/2/2026",="4/24/2026",="A",
="800001434",="NUR150",Foundations of Adult Nursing II,="NUR150 -A",="3/3/2026",="4/21/2026",="B",
="800001553",="NUR150",Foundations of Adult Nursing II,="NUR150 -A",="3/3/2026",="4/21/2026",="C",
="800001563",="NUR150",Foundations of Adult Nursing II,="NUR150 -A",="3/3/2026",="4/21/2026",="C",
="800001665",="NUR150",Foundations of Adult Nursing II,="NUR150 -A",="3/3/2026",="4/21/2026",="C",
="800001695",="NUR150",Foundations of Adult Nursing II,="NUR150 -A",="3/3/2026",="4/21/2026",="B",
="800001697",="NUR150",Foundations of Adult Nursing II,="NUR150 -A",="3/3/2026",="4/21/2026",="B",
="800001710",="NUR150",Foundations of Adult Nursing II,="NUR150 -A",="3/3/2026",="4/21/2026",="C",
="800001712",="NUR150",Foundations of Adult Nursing II,="NUR150 -A",="3/3/2026",="4/21/2026",="C",
="800001729",="NUR150",Foundations of Adult Nursing II,="NUR150 -A",="3/3/2026",="4/21/2026",="B",
="800001733",="NUR150",Foundations of Adult Nursing II,="NUR150 -A",="3/3/2026",="4/21/2026",="W",
="800001739",="NUR150",Foundations of Adult Nursing II,="NUR150 -A",="3/3/2026",="4/21/2026",="F",
="800001740",="NUR150",Foundations of Adult Nursing II,="NUR150 -A",="3/3/2026",="4/21/2026",="A",
="800001751",="NUR150",Foundations of Adult Nursing II,="NUR150 -A",="3/3/2026",="4/21/2026",="B",
="800001757",="NUR150",Foundations of Adult Nursing II,="NUR150 -A",="3/3/2026",="4/21/2026",="F",
="800001769",="NUR150",Foundations of Adult Nursing II,="NUR150 -A",="3/3/2026",="4/21/2026",="F",
="800001771",="NUR150",Foundations of Adult Nursing II,="NUR150 -A",="3/3/2026",="4/21/2026",="WP",
="800001775",="NUR150",Foundations of Adult Nursing II,="NUR150 -A",="3/3/2026",="4/21/2026",="F",
="800001778",="NUR150",Foundations of Adult Nursing II,="NUR150 -A",="3/3/2026",="4/21/2026",="F",
="800001793",="NUR150",Foundations of Adult Nursing II,="NUR150 -A",="3/3/2026",="4/21/2026",="C",
="800001798",="NUR150",Foundations of Adult Nursing II,="NUR150 -A",="3/3/2026",="4/21/2026",="C",
="800001803",="NUR150",Foundations of Adult Nursing II,="NUR150 -A",="3/3/2026",="4/21/2026",="B",
="800001813",="NUR150",Foundations of Adult Nursing II,="NUR150 -A",="3/3/2026",="4/21/2026",="C",
="800001815",="NUR150",Foundations of Adult Nursing II,="NUR150 -A",="3/3/2026",="4/21/2026",="B",
="800001867",="NUR150",Foundations of Adult Nursing II,="NUR150 -A",="3/3/2026",="4/21/2026",="W",
="800001441",="NUR100",Foundations of Nursing w/Lab & Clinical,="NUR100 -A",="1/5/2026",="4/13/2026",="WF",
="800001623",="NUR100",Foundations of Nursing w/Lab & Clinical,="NUR100 -A",="1/5/2026",="4/13/2026",="F",
="800001634",="NUR100",Foundations of Nursing w/Lab & Clinical,="NUR100 -A",="1/5/2026",="4/13/2026",="C",
="800001849",="NUR100",Foundations of Nursing w/Lab & Clinical,="NUR100 -A",="1/5/2026",="4/13/2026",="W",
="800001863",="NUR100",Foundations of Nursing w/Lab & Clinical,="NUR100 -A",="1/5/2026",="4/13/2026",="C",
="800001884",="NUR100",Foundations of Nursing w/Lab & Clinical,="NUR100 -A",="1/5/2026",="4/13/2026",="A",
="800001888",="NUR100",Foundations of Nursing w/Lab & Clinical,="NUR100 -A",="1/5/2026",="4/13/2026",="A",
="800001950",="NUR100",Foundations of Nursing w/Lab & Clinical,="NUR100 -A",="1/5/2026",="4/13/2026",="C",
="800001954",="NUR100",Foundations of Nursing w/Lab & Clinical,="NUR100 -A",="1/5/2026",="4/13/2026",="B",
="800001985",="NUR100",Foundations of Nursing w/Lab & Clinical,="NUR100 -A",="1/5/2026",="4/13/2026",="C",
="800002001",="NUR100",Foundations of Nursing w/Lab & Clinical,="NUR100 -A",="1/5/2026",="4/13/2026",="F",
="800002010",="NUR100",Foundations of Nursing w/Lab & Clinical,="NUR100 -A",="1/5/2026",="4/13/2026",="B",
="800002011",="NUR100",Foundations of Nursing w/Lab & Clinical,="NUR100 -A",="1/5/2026",="4/13/2026",="B",
="800002017",="NUR100",Foundations of Nursing w/Lab & Clinical,="NUR100 -A",="1/5/2026",="4/13/2026",="C",
="800002018",="NUR100",Foundations of Nursing w/Lab & Clinical,="NUR100 -A",="1/5/2026",="4/13/2026",="F",
="800002020",="NUR100",Foundations of Nursing w/Lab & Clinical,="NUR100 -A",="1/5/2026",="4/13/2026",="C",
="800002021",="NUR100",Foundations of Nursing w/Lab & Clinical,="NUR100 -A",="1/5/2026",="4/13/2026",="B",
="800002035",="NUR100",Foundations of Nursing w/Lab & Clinical,="NUR100 -A",="1/5/2026",="4/13/2026",="C",
="800002036",="NUR100",Foundations of Nursing w/Lab & Clinical,="NUR100 -A",="1/5/2026",="4/13/2026",="B",
="800002051",="NUR100",Foundations of Nursing w/Lab & Clinical,="NUR100 -A",="1/5/2026",="4/13/2026",="W",
="800002053",="NUR100",Foundations of Nursing w/Lab & Clinical,="NUR100 -A",="1/5/2026",="4/13/2026",="B",
="800002059",="NUR100",Foundations of Nursing w/Lab & Clinical,="NUR100 -A",="1/5/2026",="4/13/2026",="B",
="800002066",="NUR100",Foundations of Nursing w/Lab & Clinical,="NUR100 -A",="1/5/2026",="4/13/2026",="WF",
="800001958",="NUR217",="Health Assessment w/Lab",="NUR217-P",="1/8/2026",="4/23/2026",="B",
="800001959",="NUR217",="Health Assessment w/Lab",="NUR217-P",="1/8/2026",="4/23/2026",="A",
="800001963",="NUR217",="Health Assessment w/Lab",="NUR217-P",="1/8/2026",="4/23/2026",="B",
="770062103",="NUR205",Physical Assessment w/Lab,="NUR205 -P",="1/8/2026",="4/23/2026",="C",
="800000754",="NUR205",Physical Assessment w/Lab,="NUR205 -P",="1/8/2026",="4/23/2026",="C",
="800001502",="NUR205",Physical Assessment w/Lab,="NUR205 -P",="1/8/2026",="4/23/2026",="B",
="800001657",="NUR205",Physical Assessment w/Lab,="NUR205 -P",="1/8/2026",="4/23/2026",="B",
="800001701",="NUR205",Physical Assessment w/Lab,="NUR205 -P",="1/8/2026",="4/23/2026",="B",
="800001827",="NUR205",Physical Assessment w/Lab,="NUR205 -P",="1/8/2026",="4/23/2026",="W",
="770017870",="NUR236",Adult Nursing Care II w/Lab & Clinical,="NUR236-P",="1/8/2026",="4/23/2026",="B",
="800001094",="NUR236",Adult Nursing Care II w/Lab & Clinical,="NUR236-P",="1/8/2026",="4/23/2026",="B",
="800001268",="NUR236",Adult Nursing Care II w/Lab & Clinical,="NUR236-P",="1/8/2026",="4/23/2026",="B",
="800001529",="NUR236",Adult Nursing Care II w/Lab & Clinical,="NUR236-P",="1/8/2026",="4/23/2026",="A",
="800001548",="NUR236",Adult Nursing Care II w/Lab & Clinical,="NUR236-P",="1/8/2026",="4/23/2026",="B",
="800001562",="NUR236",Adult Nursing Care II w/Lab & Clinical,="NUR236-P",="1/8/2026",="4/23/2026",="C",
="800001673",="NUR236",Adult Nursing Care II w/Lab & Clinical,="NUR236-P",="1/8/2026",="4/23/2026",="C",
="800001591",="NUR225",Adult Health Nursing Care II w/Lab & Clinical,="NUR225-P",="1/8/2026",="4/23/2026",="B",
="800001846",="NUR125",Foundations of IV Therapy and Phelbotomy w/Lab,="NUR125-A",="1/13/2026",="3/31/2026",="B",
="800001864",="NUR125",Foundations of IV Therapy and Phelbotomy w/Lab,="NUR125-A",="1/13/2026",="3/31/2026",="A",
="800001867",="NUR125",Foundations of IV Therapy and Phelbotomy w/Lab,="NUR125-A",="1/13/2026",="3/31/2026",="WP",
="800001908",="NUR125",Foundations of IV Therapy and Phelbotomy w/Lab,="NUR125-A",="1/13/2026",="3/31/2026",="B",
="800001934",="NUR125",Foundations of IV Therapy and Phelbotomy w/Lab,="NUR125-A",="1/13/2026",="3/31/2026",="C",
="800001441",="COL010",College and Career Success,="COL010 - OL I",="1/10/2026",="1/31/2026",="A",
="800001823",="COL010",College and Career Success,="COL010 - OL I",="1/10/2026",="1/31/2026",="W",
="800001830",="COL010",College and Career Success,="COL010 - OL I",="1/10/2026",="1/31/2026",="A",
="800001983",="COL010",College and Career Success,="COL010 - OL I",="1/10/2026",="1/31/2026",="A",
="800001986",="COL010",College and Career Success,="COL010 - OL I",="1/10/2026",="1/31/2026",="A",
="800001987",="COL010",College and Career Success,="COL010 - OL I",="1/10/2026",="1/31/2026",="A",
="800001998",="COL010",College and Career Success,="COL010 - OL I",="1/10/2026",="1/31/2026",="A",
="800002017",="COL010",College and Career Success,="COL010 - OL I",="1/10/2026",="1/31/2026",="A",
="800002018",="COL010",College and Career Success,="COL010 - OL I",="1/10/2026",="1/31/2026",="A",
="800002020",="COL010",College and Career Success,="COL010 - OL I",="1/10/2026",="1/31/2026",="A",
="800002023",="COL010",College and Career Success,="COL010 - OL I",="1/10/2026",="1/31/2026",="A",
="800002029",="COL010",College and Career Success,="COL010 - OL I",="1/10/2026",="1/31/2026",="A",
="800002035",="COL010",College and Career Success,="COL010 - OL I",="1/10/2026",="1/31/2026",="A",
="800002036",="COL010",College and Career Success,="COL010 - OL I",="1/10/2026",="1/31/2026",="A",
="800002042",="COL010",College and Career Success,="COL010 - OL I",="1/10/2026",="1/31/2026",="A",
="800002044",="COL010",College and Career Success,="COL010 - OL I",="1/10/2026",="1/31/2026",="A",
="800002049",="COL010",College and Career Success,="COL010 - OL I",="1/10/2026",="1/31/2026",="A",
="800002052",="COL010",College and Career Success,="COL010 - OL I",="1/10/2026",="1/31/2026",="F",
="800002062",="COL010",College and Career Success,="COL010 - OL I",="1/10/2026",="1/31/2026",="A",
="800001197",="NUR125",Foundations of IV Therapy and Phelbotomy w/Lab,="NUR125-P",="1/6/2026",="4/16/2026",="C",
="800001434",="NUR125",Foundations of IV Therapy and Phelbotomy w/Lab,="NUR125-P",="1/6/2026",="4/16/2026",="B",
="800001439",="NUR125",Foundations of IV Therapy and Phelbotomy w/Lab,="NUR125-P",="1/6/2026",="4/16/2026",="B",
="800001649",="NUR125",Foundations of IV Therapy and Phelbotomy w/Lab,="NUR125-P",="1/6/2026",="4/16/2026",="B",
="800001667",="NUR125",Foundations of IV Therapy and Phelbotomy w/Lab,="NUR125-P",="1/6/2026",="4/16/2026",="C",
="800001723",="NUR125",Foundations of IV Therapy and Phelbotomy w/Lab,="NUR125-P",="1/6/2026",="4/16/2026",="C",
="800001815",="NUR125",Foundations of IV Therapy and Phelbotomy w/Lab,="NUR125-P",="1/6/2026",="4/16/2026",="B",
="800001821",="NUR125",Foundations of IV Therapy and Phelbotomy w/Lab,="NUR125-P",="1/6/2026",="4/16/2026",="C",
="800001829",="NUR125",Foundations of IV Therapy and Phelbotomy w/Lab,="NUR125-P",="1/6/2026",="4/16/2026",="B",
="800001840",="NUR125",Foundations of IV Therapy and Phelbotomy w/Lab,="NUR125-P",="1/6/2026",="4/16/2026",="B",
="800001841",="NUR125",Foundations of IV Therapy and Phelbotomy w/Lab,="NUR125-P",="1/6/2026",="4/16/2026",="B",
="800001842",="NUR125",Foundations of IV Therapy and Phelbotomy w/Lab,="NUR125-P",="1/6/2026",="4/16/2026",="C",
="800001850",="NUR125",Foundations of IV Therapy and Phelbotomy w/Lab,="NUR125-P",="1/6/2026",="4/16/2026",="C",
="800001856",="NUR125",Foundations of IV Therapy and Phelbotomy w/Lab,="NUR125-P",="1/6/2026",="4/16/2026",="C",
="800001860",="NUR125",Foundations of IV Therapy and Phelbotomy w/Lab,="NUR125-P",="1/6/2026",="4/16/2026",="C",
="800001874",="NUR125",Foundations of IV Therapy and Phelbotomy w/Lab,="NUR125-P",="1/6/2026",="4/16/2026",="C",
="800001876",="NUR125",Foundations of IV Therapy and Phelbotomy w/Lab,="NUR125-P",="1/6/2026",="4/16/2026",="B",
="800001878",="NUR125",Foundations of IV Therapy and Phelbotomy w/Lab,="NUR125-P",="1/6/2026",="4/16/2026",="C",
="800001884",="NUR125",Foundations of IV Therapy and Phelbotomy w/Lab,="NUR125-P",="1/6/2026",="4/16/2026",="F",
="800001903",="NUR125",Foundations of IV Therapy and Phelbotomy w/Lab,="NUR125-P",="1/6/2026",="4/16/2026",="C",
="800001905",="NUR125",Foundations of IV Therapy and Phelbotomy w/Lab,="NUR125-P",="1/6/2026",="4/16/2026",="C",
="800001909",="NUR125",Foundations of IV Therapy and Phelbotomy w/Lab,="NUR125-P",="1/6/2026",="4/16/2026",="C",
="800001910",="NUR125",Foundations of IV Therapy and Phelbotomy w/Lab,="NUR125-P",="1/6/2026",="4/16/2026",="F",
="800001917",="NUR125",Foundations of IV Therapy and Phelbotomy w/Lab,="NUR125-P",="1/6/2026",="4/16/2026",="A",
="800001924",="NUR125",Foundations of IV Therapy and Phelbotomy w/Lab,="NUR125-P",="1/6/2026",="4/16/2026",="B",
="800001925",="NUR125",Foundations of IV Therapy and Phelbotomy w/Lab,="NUR125-P",="1/6/2026",="4/16/2026",="B",
="800001928",="NUR125",Foundations of IV Therapy and Phelbotomy w/Lab,="NUR125-P",="1/6/2026",="4/16/2026",="B",
="800001939",="NUR125",Foundations of IV Therapy and Phelbotomy w/Lab,="NUR125-P",="1/6/2026",="4/16/2026",="F",
="800001940",="NUR125",Foundations of IV Therapy and Phelbotomy w/Lab,="NUR125-P",="1/6/2026",="4/16/2026",="B",
="800001954",="NUR125",Foundations of IV Therapy and Phelbotomy w/Lab,="NUR125-P",="1/6/2026",="4/16/2026",="B",
="800001204",="NUR155",Transition and Review for Practical Nurses,="NUR155-A",="1/7/2026",="4/15/2026",="B",
="800001498",="NUR155",Transition and Review for Practical Nurses,="NUR155-A",="1/7/2026",="4/15/2026",="WP",
="800001505",="NUR155",Transition and Review for Practical Nurses,="NUR155-A",="1/7/2026",="4/15/2026",="B",
="800001532",="NUR155",Transition and Review for Practical Nurses,="NUR155-A",="1/7/2026",="4/15/2026",="B",
="800001533",="NUR155",Transition and Review for Practical Nurses,="NUR155-A",="1/7/2026",="4/15/2026",="F",
="800001553",="NUR155",Transition and Review for Practical Nurses,="NUR155-A",="1/7/2026",="4/15/2026",="B",
="800001557",="NUR155",Transition and Review for Practical Nurses,="NUR155-A",="1/7/2026",="4/15/2026",="B",
="800001593",="NUR155",Transition and Review for Practical Nurses,="NUR155-A",="1/7/2026",="4/15/2026",="B",
="800001598",="NUR155",Transition and Review for Practical Nurses,="NUR155-A",="1/7/2026",="4/15/2026",="B",
="800001605",="NUR155",Transition and Review for Practical Nurses,="NUR155-A",="1/7/2026",="4/15/2026",="C",
="800001655",="NUR155",Transition and Review for Practical Nurses,="NUR155-A",="1/7/2026",="4/15/2026",="A",
="800001681",="NUR155",Transition and Review for Practical Nurses,="NUR155-A",="1/7/2026",="4/15/2026",="A",
="800001688",="NUR155",Transition and Review for Practical Nurses,="NUR155-A",="1/7/2026",="4/15/2026",="A",
="800001697",="NUR155",Transition and Review for Practical Nurses,="NUR155-A",="1/7/2026",="4/15/2026",="B",
="800001711",="NUR155",Transition and Review for Practical Nurses,="NUR155-A",="1/7/2026",="4/15/2026",="B",
="800001712",="NUR155",Transition and Review for Practical Nurses,="NUR155-A",="1/7/2026",="4/15/2026",="A",
="800001740",="NUR155",Transition and Review for Practical Nurses,="NUR155-A",="1/7/2026",="4/15/2026",="A",
="800001751",="NUR155",Transition and Review for Practical Nurses,="NUR155-A",="1/7/2026",="4/15/2026",="B",
="800001757",="NUR155",Transition and Review for Practical Nurses,="NUR155-A",="1/7/2026",="4/15/2026",="WF",
="800001761",="NUR155",Transition and Review for Practical Nurses,="NUR155-A",="1/7/2026",="4/15/2026",="W",
="800001789",="NUR155",Transition and Review for Practical Nurses,="NUR155-A",="1/7/2026",="4/15/2026",="F",
="800001793",="NUR155",Transition and Review for Practical Nurses,="NUR155-A",="1/7/2026",="4/15/2026",="B",
="800001798",="NUR155",Transition and Review for Practical Nurses,="NUR155-A",="1/7/2026",="4/15/2026",="W",
="800001803",="NUR155",Transition and Review for Practical Nurses,="NUR155-A",="1/7/2026",="4/15/2026",="WP",
="800001813",="NUR155",Transition and Review for Practical Nurses,="NUR155-A",="1/7/2026",="4/15/2026",="B",
="770000323",="NUR270",Transition into Professional Nursing Role,="NUR270-A",="1/7/2026",="4/22/2026",="F",
="770000409",="NUR270",Transition into Professional Nursing Role,="NUR270-A",="1/7/2026",="4/22/2026",="F",
="800000934",="NUR270",Transition into Professional Nursing Role,="NUR270-A",="1/7/2026",="4/22/2026",="F",
="800001142",="NUR270",Transition into Professional Nursing Role,="NUR270-A",="1/7/2026",="4/22/2026",="B",
="800001196",="NUR270",Transition into Professional Nursing Role,="NUR270-A",="1/7/2026",="4/22/2026",="C",
="800001292",="NUR270",Transition into Professional Nursing Role,="NUR270-A",="1/7/2026",="4/22/2026",="B",
="800001318",="NUR270",Transition into Professional Nursing Role,="NUR270-A",="1/7/2026",="4/22/2026",="B",
="800001410",="NUR270",Transition into Professional Nursing Role,="NUR270-A",="1/7/2026",="4/22/2026",="F",
="800001679",="NUR270",Transition into Professional Nursing Role,="NUR270-A",="1/7/2026",="4/22/2026",="B",
="800000762",="NUR470",Professional Nursing Transitions to Practice,="NUR470-P",="1/7/2026",="4/24/2026",="B",
="800000785",="NUR140",Foundations of Mental Health,="NUR140-A",="1/8/2026",="2/26/2026",="F",
="800001315",="NUR140",Foundations of Mental Health,="NUR140-A",="1/8/2026",="2/26/2026",="C",
="800001443",="NUR140",Foundations of Mental Health,="NUR140-A",="1/8/2026",="2/26/2026",="B",
="800001505",="NUR140",Foundations of Mental Health,="NUR140-A",="1/8/2026",="2/26/2026",="B",
="800001553",="NUR140",Foundations of Mental Health,="NUR140-A",="1/8/2026",="2/26/2026",="A",
="800001563",="NUR140",Foundations of Mental Health,="NUR140-A",="1/8/2026",="2/26/2026",="B",
="800001587",="NUR140",Foundations of Mental Health,="NUR140-A",="1/8/2026",="2/26/2026",="B",
="800001598",="NUR140",Foundations of Mental Health,="NUR140-A",="1/8/2026",="2/26/2026",="B",
="800001605",="NUR140",Foundations of Mental Health,="NUR140-A",="1/8/2026",="2/26/2026",="C",
="800001625",="NUR140",Foundations of Mental Health,="NUR140-A",="1/8/2026",="2/26/2026",="C",
="800001644",="NUR140",Foundations of Mental Health,="NUR140-A",="1/8/2026",="2/26/2026",="B",
="800001650",="NUR140",Foundations of Mental Health,="NUR140-A",="1/8/2026",="2/26/2026",="B",
="800001655",="NUR140",Foundations of Mental Health,="NUR140-A",="1/8/2026",="2/26/2026",="B",
="800001695",="NUR140",Foundations of Mental Health,="NUR140-A",="1/8/2026",="2/26/2026",="C",
="800001710",="NUR140",Foundations of Mental Health,="NUR140-A",="1/8/2026",="2/26/2026",="B",
="800001711",="NUR140",Foundations of Mental Health,="NUR140-A",="1/8/2026",="2/26/2026",="B",
="800001712",="NUR140",Foundations of Mental Health,="NUR140-A",="1/8/2026",="2/26/2026",="B",
="800001729",="NUR140",Foundations of Mental Health,="NUR140-A",="1/8/2026",="2/26/2026",="B",
="800001740",="NUR140",Foundations of Mental Health,="NUR140-A",="1/8/2026",="2/26/2026",="A",
="800001751",="NUR140",Foundations of Mental Health,="NUR140-A",="1/8/2026",="2/26/2026",="B",
="800001757",="NUR140",Foundations of Mental Health,="NUR140-A",="1/8/2026",="2/26/2026",="B",
="800001769",="NUR140",Foundations of Mental Health,="NUR140-A",="1/8/2026",="2/26/2026",="B",
="800001793",="NUR140",Foundations of Mental Health,="NUR140-A",="1/8/2026",="2/26/2026",="C",
="800001803",="NUR140",Foundations of Mental Health,="NUR140-A",="1/8/2026",="2/26/2026",="A",
="800001813",="NUR140",Foundations of Mental Health,="NUR140-A",="1/8/2026",="2/26/2026",="B",
="800000348",="NUR120",Foundations of Adult Nursing I w/Lab & Clinical,="NUR120-A2",="3/2/2026",="4/20/2026",="C",
="800001308",="NUR120",Foundations of Adult Nursing I w/Lab & Clinical,="NUR120-A2",="3/2/2026",="4/20/2026",="F",
="800000952",="NUR150",Foundations of Adult Nursing II,="NUR150-P",="3/3/2026",="4/21/2026",="W",
="800001330",="NUR150",Foundations of Adult Nursing II,="NUR150-P",="3/3/2026",="4/21/2026",="W",
="800001443",="NUR150",Foundations of Adult Nursing II,="NUR150-P",="3/3/2026",="4/21/2026",="C",
="800001517",="NUR150",Foundations of Adult Nursing II,="NUR150-P",="3/3/2026",="4/21/2026",="F",
="800001580",="NUR150",Foundations of Adult Nursing II,="NUR150-P",="3/3/2026",="4/21/2026",="F",
="800001633",="NUR150",Foundations of Adult Nursing II,="NUR150-P",="3/3/2026",="4/21/2026",="C",
="800001644",="NUR150",Foundations of Adult Nursing II,="NUR150-P",="3/3/2026",="4/21/2026",="C",
="800001655",="NUR150",Foundations of Adult Nursing II,="NUR150-P",="3/3/2026",="4/21/2026",="B",
="800001689",="NUR150",Foundations of Adult Nursing II,="NUR150-P",="3/3/2026",="4/21/2026",="F",
="800001708",="NUR150",Foundations of Adult Nursing II,="NUR150-P",="3/3/2026",="4/21/2026",="WF",
="800001711",="NUR150",Foundations of Adult Nursing II,="NUR150-P",="3/3/2026",="4/21/2026",="B",
="800001714",="NUR150",Foundations of Adult Nursing II,="NUR150-P",="3/3/2026",="4/21/2026",="F",
="800001724",="NUR150",Foundations of Adult Nursing II,="NUR150-P",="3/3/2026",="4/21/2026",="C",
="800001735",="NUR150",Foundations of Adult Nursing II,="NUR150-P",="3/3/2026",="4/21/2026",="C",
="800001761",="NUR150",Foundations of Adult Nursing II,="NUR150-P",="3/3/2026",="4/21/2026",="F",
="800001789",="NUR150",Foundations of Adult Nursing II,="NUR150-P",="3/3/2026",="4/21/2026",="C",
="800001821",="NUR150",Foundations of Adult Nursing II,="NUR150-P",="3/3/2026",="4/21/2026",="C",
="800001841",="NUR150",Foundations of Adult Nursing II,="NUR150-P",="3/3/2026",="4/21/2026",="F",
="800001892",="NUR150",Foundations of Adult Nursing II,="NUR150-P",="3/3/2026",="4/21/2026",="B",
="800001917",="NUR150",Foundations of Adult Nursing II,="NUR150-P",="3/3/2026",="4/21/2026",="B",
="800001924",="NUR150",Foundations of Adult Nursing II,="NUR150-P",="3/3/2026",="4/21/2026",="C",
="800001925",="NUR150",Foundations of Adult Nursing II,="NUR150-P",="3/3/2026",="4/21/2026",="C",
="800001928",="NUR150",Foundations of Adult Nursing II,="NUR150-P",="3/3/2026",="4/21/2026",="F",
="800001940",="NUR150",Foundations of Adult Nursing II,="NUR150-P",="3/3/2026",="4/21/2026",="B",
="800000774",="NUR490",="Preceptorship",="NUR490",="1/5/2026",="4/18/2026",="A",
="800001862",="NUR120",Foundations of Adult Nursing I w/Lab & Clinical,="NUR120-A2",="3/2/2026",="4/20/2026",="C",
="800001863",="COL010",College and Career Success,="COL010 -A",="1/9/2026",="1/30/2026",="A",
="800001902",="COL010",College and Career Success,="COL010 -A",="1/9/2026",="1/30/2026",="A",
="800001985",="COL010",College and Career Success,="COL010 -A",="1/9/2026",="1/30/2026",="A",
="800002001",="COL010",College and Career Success,="COL010 -A",="1/9/2026",="1/30/2026",="A",
="800002011",="COL010",College and Career Success,="COL010 -A",="1/9/2026",="1/30/2026",="A",
="800002021",="COL010",College and Career Success,="COL010 -A",="1/9/2026",="1/30/2026",="A",
="800002038",="COL010",College and Career Success,="COL010 -A",="1/9/2026",="1/30/2026",="W",
="800002053",="COL010",College and Career Success,="COL010 -A",="1/9/2026",="1/30/2026",="A",
="800002059",="COL010",College and Career Success,="COL010 -A",="1/9/2026",="1/30/2026",="A",
="800002066",="COL010",College and Career Success,="COL010 -A",="1/9/2026",="1/30/2026",="F",
="800001922",="NUR125",Foundations of IV Therapy and Phelbotomy w/Lab,="NUR125-P",="1/6/2026",="4/16/2026",="C",
="800001934",="NUR120",Foundations of Adult Nursing I w/Lab & Clinical,="NUR120-A2",="3/2/2026",="4/20/2026",="C",
="800001852",="NUR125",Foundations of IV Therapy and Phelbotomy w/Lab,="NUR125-A",="1/13/2026",="3/31/2026",="B",
="800001030",="NUR155",Transition and Review for Practical Nurses,="NUR155-P",="1/7/2026",="4/15/2026",="B",
="800001198",="NUR155",Transition and Review for Practical Nurses,="NUR155-P",="1/7/2026",="4/15/2026",="B",
="800001265",="NUR155",Transition and Review for Practical Nurses,="NUR155-P",="1/7/2026",="4/15/2026",="B",
="800001315",="NUR155",Transition and Review for Practical Nurses,="NUR155-P",="1/7/2026",="4/15/2026",="B",
="800001403",="NUR155",Transition and Review for Practical Nurses,="NUR155-P",="1/7/2026",="4/15/2026",="F",
="800001417",="NUR155",Transition and Review for Practical Nurses,="NUR155-P",="1/7/2026",="4/15/2026",="B",
="800001419",="NUR155",Transition and Review for Practical Nurses,="NUR155-P",="1/7/2026",="4/15/2026",="B",
="800001427",="NUR155",Transition and Review for Practical Nurses,="NUR155-P",="1/7/2026",="4/15/2026",="F",
="800001459",="NUR155",Transition and Review for Practical Nurses,="NUR155-P",="1/7/2026",="4/15/2026",="B",
="800001528",="NUR155",Transition and Review for Practical Nurses,="NUR155-P",="1/7/2026",="4/15/2026",="F",
="800001530",="NUR155",Transition and Review for Practical Nurses,="NUR155-P",="1/7/2026",="4/15/2026",="B",
="800001534",="NUR155",Transition and Review for Practical Nurses,="NUR155-P",="1/7/2026",="4/15/2026",="B",
="800001587",="NUR155",Transition and Review for Practical Nurses,="NUR155-P",="1/7/2026",="4/15/2026",="A",
="800001668",="NUR155",Transition and Review for Practical Nurses,="NUR155-P",="1/7/2026",="4/15/2026",="B",
="800002026",="NUR100",Foundations of Nursing w/Lab & Clinical,="NUR100-P",="1/5/2026",="4/20/2026",="B",
="800001909",="NUR100",Foundations of Nursing w/Lab & Clinical,="NUR100-P",="1/5/2026",="4/20/2026",="F",
="800001909",="NUT100",Nutrition Across the Lifespan,="NUT100 -OL II",="1/10/2026",="4/11/2026",="F",
="800001909",="PHARM100",="Dosage and Calculation",="PHARM100-P-1",="2/4/2026",="4/8/2026",="C",
="800001955",="COL010",College and Career Success,="COL010 - OL I",="1/10/2026",="1/31/2026",="A",
="800001850",="PHARM130",Pharmacology for Practical Nurses,="PHARM130-P",="1/7/2026",="4/15/2026",="C",
="800001958",="NUR102",Foundations of Nursing II,="NUR102 - A",="2/2/2026",="4/15/2026",="A",
="800001963",="NUR102",Foundations of Nursing II,="NUR102 - P",="2/2/2026",="4/15/2026",="A",
="800001434",="NUR135",Foundations of Obstetrics Nursing,="NUR135-P",="1/5/2026",="2/23/2026",="B",
="800001533",="NUR135",Foundations of Obstetrics Nursing,="NUR135-P",="1/5/2026",="2/23/2026",="B",
="800001563",="NUR135",Foundations of Obstetrics Nursing,="NUR135-P",="1/5/2026",="2/23/2026",="B",
="800001623",="NUR135",Foundations of Obstetrics Nursing,="NUR135-P",="1/5/2026",="2/23/2026",="F",
="800001650",="NUR135",Foundations of Obstetrics Nursing,="NUR135-P",="1/5/2026",="2/23/2026",="A",
="800001708",="NUR135",Foundations of Obstetrics Nursing,="NUR135-P",="1/5/2026",="2/23/2026",="B",
="800001710",="NUR135",Foundations of Obstetrics Nursing,="NUR135-P",="1/5/2026",="2/23/2026",="B",
="800001729",="NUR135",Foundations of Obstetrics Nursing,="NUR135-P",="1/5/2026",="2/23/2026",="A",
="800001733",="NUR135",Foundations of Obstetrics Nursing,="NUR135-P",="1/5/2026",="2/23/2026",="F",
="800001735",="NUR135",Foundations of Obstetrics Nursing,="NUR135-P",="1/5/2026",="2/23/2026",="A",
="800001769",="NUR135",Foundations of Obstetrics Nursing,="NUR135-P",="1/5/2026",="2/23/2026",="B",
="800001771",="NUR135",Foundations of Obstetrics Nursing,="NUR135-P",="1/5/2026",="2/23/2026",="B",
="800001775",="NUR135",Foundations of Obstetrics Nursing,="NUR135-P",="1/5/2026",="2/23/2026",="B",
="800001815",="NUR135",Foundations of Obstetrics Nursing,="NUR135-P",="1/5/2026",="2/23/2026",="B",
="800001862",="NUR135",Foundations of Obstetrics Nursing,="NUR135-P",="1/5/2026",="2/23/2026",="C",
="800001892",="NUR135",Foundations of Obstetrics Nursing,="NUR135-P",="1/5/2026",="2/23/2026",="C",
="800000774",="NUR470",Professional Nursing Transitions to Practice,="NUR470",="1/7/2026",="4/17/2026",="W",
="800000289",="HUM300",Ethical Issues in Healthcare,="HUM 300",="3/2/2026",="4/24/2026",="A",
="770000409",="NUR265",Care of Children w/Clinical,="NUR265 -P",="1/5/2026",="2/23/2026",="B",
="770017870",="NUR265",Care of Children w/Clinical,="NUR265 -P",="1/5/2026",="2/23/2026",="C",
="800000934",="NUR265",Care of Children w/Clinical,="NUR265 -P",="1/5/2026",="2/23/2026",="B",
="800001142",="NUR265",Care of Children w/Clinical,="NUR265 -P",="1/5/2026",="2/23/2026",="B",
="800001196",="NUR265",Care of Children w/Clinical,="NUR265 -P",="1/5/2026",="2/23/2026",="C",
="800001268",="NUR265",Care of Children w/Clinical,="NUR265 -P",="1/5/2026",="2/23/2026",="A",
="800001292",="NUR265",Care of Children w/Clinical,="NUR265 -P",="1/5/2026",="2/23/2026",="A",
="800001318",="NUR265",Care of Children w/Clinical,="NUR265 -P",="1/5/2026",="2/23/2026",="A",
="800001410",="NUR265",Care of Children w/Clinical,="NUR265 -P",="1/5/2026",="2/23/2026",="B",
="800001562",="NUR265",Care of Children w/Clinical,="NUR265 -P",="1/5/2026",="2/23/2026",="C",
="770062103",="NUR216",Adult Nursing  Care I w/Lab & Clinical,="NUR216 -A",="1/5/2026",="4/20/2026",="F",
="800000754",="NUR216",Adult Nursing  Care I w/Lab & Clinical,="NUR216 -A",="1/5/2026",="4/20/2026",="C",
="800001031",="NUR216",Adult Nursing  Care I w/Lab & Clinical,="NUR216 -A",="1/5/2026",="4/20/2026",="F",
="800001368",="NUR216",Adult Nursing  Care I w/Lab & Clinical,="NUR216 -A",="1/5/2026",="4/20/2026",="C",
="800001502",="NUR216",Adult Nursing  Care I w/Lab & Clinical,="NUR216 -A",="1/5/2026",="4/20/2026",="B",
="800001508",="NUR216",Adult Nursing  Care I w/Lab & Clinical,="NUR216 -A",="1/5/2026",="4/20/2026",="C",
="800001626",="NUR216",Adult Nursing  Care I w/Lab & Clinical,="NUR216 -A",="1/5/2026",="4/20/2026",="C",
="800001657",="NUR216",Adult Nursing  Care I w/Lab & Clinical,="NUR216 -A",="1/5/2026",="4/20/2026",="C",
="800001701",="NUR216",Adult Nursing  Care I w/Lab & Clinical,="NUR216 -A",="1/5/2026",="4/20/2026",="B",
="800001827",="NUR216",Adult Nursing  Care I w/Lab & Clinical,="NUR216 -A",="1/5/2026",="4/20/2026",="W",
="800001197",="NUT100",Nutrition Across the Lifespan,="NUT100 -OL",="1/10/2026",="4/11/2026",="A",
="800001439",="NUT100",Nutrition Across the Lifespan,="NUT100 -OL",="1/10/2026",="4/11/2026",="A",
="800001553",="NUT100",Nutrition Across the Lifespan,="NUT100 -OL",="1/10/2026",="4/11/2026",="C",
="800001649",="NUT100",Nutrition Across the Lifespan,="NUT100 -OL",="1/10/2026",="4/11/2026",="B",
="800001650",="NUT100",Nutrition Across the Lifespan,="NUT100 -OL",="1/10/2026",="4/11/2026",="A",
="800001723",="NUT100",Nutrition Across the Lifespan,="NUT100 -OL",="1/10/2026",="4/11/2026",="A",
="800001735",="NUT100",Nutrition Across the Lifespan,="NUT100 -OL",="1/10/2026",="4/11/2026",="A",
="800001840",="NUT100",Nutrition Across the Lifespan,="NUT100 -OL",="1/10/2026",="4/11/2026",="A",
="800001841",="NUT100",Nutrition Across the Lifespan,="NUT100 -OL",="1/10/2026",="4/11/2026",="A",
="800001842",="NUT100",Nutrition Across the Lifespan,="NUT100 -OL",="1/10/2026",="4/11/2026",="A",
="800001846",="NUT100",Nutrition Across the Lifespan,="NUT100 -OL",="1/10/2026",="4/11/2026",="B",
="800001850",="NUT100",Nutrition Across the Lifespan,="NUT100 -OL",="1/10/2026",="4/11/2026",="A",
="800001852",="NUT100",Nutrition Across the Lifespan,="NUT100 -OL",="1/10/2026",="4/11/2026",="A",
="800001856",="NUT100",Nutrition Across the Lifespan,="NUT100 -OL",="1/10/2026",="4/11/2026",="A",
="800001860",="NUT100",Nutrition Across the Lifespan,="NUT100 -OL",="1/10/2026",="4/11/2026",="A",
="800001874",="NUT100",Nutrition Across the Lifespan,="NUT100 -OL",="1/10/2026",="4/11/2026",="B",
="800001888",="NUT100",Nutrition Across the Lifespan,="NUT100 -OL",="1/10/2026",="4/11/2026",="A",
="800001917",="NUT100",Nutrition Across the Lifespan,="NUT100 -OL",="1/10/2026",="4/11/2026",="A",
="800001921",="NUT100",Nutrition Across the Lifespan,="NUT100 -OL",="1/10/2026",="4/11/2026",="C",
="800001922",="NUT100",Nutrition Across the Lifespan,="NUT100 -OL",="1/10/2026",="4/11/2026",="B",
="800001924",="NUT100",Nutrition Across the Lifespan,="NUT100 -OL",="1/10/2026",="4/11/2026",="A",
="800001925",="NUT100",Nutrition Across the Lifespan,="NUT100 -OL",="1/10/2026",="4/11/2026",="A",
="800001928",="NUT100",Nutrition Across the Lifespan,="NUT100 -OL",="1/10/2026",="4/11/2026",="B",
="800001939",="NUT100",Nutrition Across the Lifespan,="NUT100 -OL",="1/10/2026",="4/11/2026",="C",
="800001954",="NUT100",Nutrition Across the Lifespan,="NUT100 -OL",="1/10/2026",="4/11/2026",="B",
="800001434",="PSY101",Introduction to Psychology,="PSY101 -OL",="1/10/2026",="4/5/2026",="A",
="800001580",="PSY101",Introduction to Psychology,="PSY101 -OL",="1/10/2026",="4/5/2026",="A",
="800001590",="PSY101",Introduction to Psychology,="PSY101 -OL",="1/10/2026",="4/5/2026",="A",
="800001649",="PSY101",Introduction to Psychology,="PSY101 -OL",="1/10/2026",="4/5/2026",="A",
="800001708",="PSY101",Introduction to Psychology,="PSY101 -OL",="1/10/2026",="4/5/2026",="A",
="800001740",="PSY101",Introduction to Psychology,="PSY101 -OL",="1/10/2026",="4/5/2026",="A",
="800001771",="PSY101",Introduction to Psychology,="PSY101 -OL",="1/10/2026",="4/5/2026",="A",
="800001823",="PSY101",Introduction to Psychology,="PSY101 -OL",="1/10/2026",="4/5/2026",="W",
="800001830",="PSY101",Introduction to Psychology,="PSY101 -OL",="1/10/2026",="4/5/2026",="A",
="800001831",="PSY101",Introduction to Psychology,="PSY101 -OL",="1/10/2026",="4/5/2026",="W",
="800001874",="PSY101",Introduction to Psychology,="PSY101 -OL",="1/10/2026",="4/5/2026",="A",
="800001878",="PSY101",Introduction to Psychology,="PSY101 -OL",="1/10/2026",="4/5/2026",="A",
="800001903",="PSY101",Introduction to Psychology,="PSY101 -OL",="1/10/2026",="4/5/2026",="A",
="800001940",="PSY101",Introduction to Psychology,="PSY101 -OL",="1/10/2026",="4/5/2026",="A",
="800001943",="PSY101",Introduction to Psychology,="PSY101 -OL",="1/10/2026",="4/5/2026",="A",
="800001950",="PSY101",Introduction to Psychology,="PSY101 -OL",="1/10/2026",="4/5/2026",="A",
="800001955",="PSY101",Introduction to Psychology,="PSY101 -OL",="1/10/2026",="4/5/2026",="A",
="800001986",="PSY101",Introduction to Psychology,="PSY101 -OL",="1/10/2026",="4/5/2026",="A",
="800001998",="PSY101",Introduction to Psychology,="PSY101 -OL",="1/10/2026",="4/5/2026",="A",
="800002044",="PSY101",Introduction to Psychology,="PSY101 -OL",="1/10/2026",="4/5/2026",="A",
="800002049",="PSY101",Introduction to Psychology,="PSY101 -OL",="1/10/2026",="4/5/2026",="A",
="800002052",="PSY101",Introduction to Psychology,="PSY101 -OL",="1/10/2026",="4/5/2026",="W",
="800001441",="ENG101",="English Composition I",="ENG101 -A",="1/7/2026",="4/8/2026",="WP",
="800001831",="ENG101",="English Composition I",="ENG101 -A",="1/7/2026",="4/8/2026",="W",
="800001846",="ENG101",="English Composition I",="ENG101 -A",="1/7/2026",="4/8/2026",="A",
="800001849",="ENG101",="English Composition I",="ENG101 -A",="1/7/2026",="4/8/2026",="F",
="800001863",="ENG101",="English Composition I",="ENG101 -A",="1/7/2026",="4/8/2026",="A",
="800001985",="ENG101",="English Composition I",="ENG101 -A",="1/7/2026",="4/8/2026",="A",
="800002001",="ENG101",="English Composition I",="ENG101 -A",="1/7/2026",="4/8/2026",="F",
="800002011",="ENG101",="English Composition I",="ENG101 -A",="1/7/2026",="4/8/2026",="A",
="800002015",="ENG101",="English Composition I",="ENG101 -A",="1/7/2026",="4/8/2026",="F",
="800002017",="ENG101",="English Composition I",="ENG101 -A",="1/7/2026",="4/8/2026",="B",
="800002018",="ENG101",="English Composition I",="ENG101 -A",="1/7/2026",="4/8/2026",="B",
="800002020",="ENG101",="English Composition I",="ENG101 -A",="1/7/2026",="4/8/2026",="B",
="800002021",="ENG101",="English Composition I",="ENG101 -A",="1/7/2026",="4/8/2026",="A",
="800002026",="ENG101",="English Composition I",="ENG101 -A",="1/7/2026",="4/8/2026",="B",
="800002036",="ENG101",="English Composition I",="ENG101 -A",="1/7/2026",="4/8/2026",="A",
="800002042",="ENG101",="English Composition I",="ENG101 -A",="1/7/2026",="4/8/2026",="B",
="800002051",="ENG101",="English Composition I",="ENG101 -A",="1/7/2026",="4/8/2026",="W",
="800002053",="ENG101",="English Composition I",="ENG101 -A",="1/7/2026",="4/8/2026",="A",
="800002059",="ENG101",="English Composition I",="ENG101 -A",="1/7/2026",="4/8/2026",="A",
="800002066",="ENG101",="English Composition I",="ENG101 -A",="1/7/2026",="4/8/2026",="W",
="800001441",="AP100",Introduction to Anatomy and Physiology,="AP100-A",="1/6/2026",="4/14/2026",="WP",
="800001831",="AP100",Introduction to Anatomy and Physiology,="AP100-A",="1/6/2026",="4/14/2026",="F",
="800001849",="AP100",Introduction to Anatomy and Physiology,="AP100-A",="1/6/2026",="4/14/2026",="F",
="800001850",="AP100",Introduction to Anatomy and Physiology,="AP100-A",="1/6/2026",="4/14/2026",="B",
="800001860",="AP100",Introduction to Anatomy and Physiology,="AP100-A",="1/6/2026",="4/14/2026",="C",
="800001863",="AP100",Introduction to Anatomy and Physiology,="AP100-A",="1/6/2026",="4/14/2026",="B",
="800001874",="AP100",Introduction to Anatomy and Physiology,="AP100-A",="1/6/2026",="4/14/2026",="C",
="800001884",="AP100",Introduction to Anatomy and Physiology,="AP100-A",="1/6/2026",="4/14/2026",="C",
="800001939",="AP100",Introduction to Anatomy and Physiology,="AP100-A",="1/6/2026",="4/14/2026",="W",
="800001985",="AP100",Introduction to Anatomy and Physiology,="AP100-A",="1/6/2026",="4/14/2026",="B",
="800002001",="AP100",Introduction to Anatomy and Physiology,="AP100-A",="1/6/2026",="4/14/2026",="F",
="800002010",="AP100",Introduction to Anatomy and Physiology,="AP100-A",="1/6/2026",="4/14/2026",="B",
="800002011",="AP100",Introduction to Anatomy and Physiology,="AP100-A",="1/6/2026",="4/14/2026",="B",
="800002015",="AP100",Introduction to Anatomy and Physiology,="AP100-A",="1/6/2026",="4/14/2026",="F",
="800002017",="AP100",Introduction to Anatomy and Physiology,="AP100-A",="1/6/2026",="4/14/2026",="C",
="800002018",="AP100",Introduction to Anatomy and Physiology,="AP100-A",="1/6/2026",="4/14/2026",="F",
="800002020",="AP100",Introduction to Anatomy and Physiology,="AP100-A",="1/6/2026",="4/14/2026",="C",
="800002021",="AP100",Introduction to Anatomy and Physiology,="AP100-A",="1/6/2026",="4/14/2026",="B",
="800002035",="AP100",Introduction to Anatomy and Physiology,="AP100-A",="1/6/2026",="4/14/2026",="C",
="800002036",="AP100",Introduction to Anatomy and Physiology,="AP100-A",="1/6/2026",="4/14/2026",="B",
="800002044",="AP100",Introduction to Anatomy and Physiology,="AP100-A",="1/6/2026",="4/14/2026",="C",
="800002051",="AP100",Introduction to Anatomy and Physiology,="AP100-A",="1/6/2026",="4/14/2026",="W",
="800002053",="AP100",Introduction to Anatomy and Physiology,="AP100-A",="1/6/2026",="4/14/2026",="B",
="800002059",="AP100",Introduction to Anatomy and Physiology,="AP100-A",="1/6/2026",="4/14/2026",="C",
="800002066",="AP100",Introduction to Anatomy and Physiology,="AP100-A",="1/6/2026",="4/14/2026",="W",
="800001580",="NUR155",Transition and Review for Practical Nurses,="NUR155-A",="1/7/2026",="4/15/2026",="WF",
="800001114",="NUR140",Foundations of Mental Health,="NUR140-P",="3/5/2026",="4/23/2026",="C",
="800001517",="NUR140",Foundations of Mental Health,="NUR140-P",="3/5/2026",="4/23/2026",="W",
="800001580",="NUR140",Foundations of Mental Health,="NUR140-P",="3/5/2026",="4/23/2026",="B",
="800001593",="NUR140",Foundations of Mental Health,="NUR140-P",="3/5/2026",="4/23/2026",="C",
="800001633",="NUR140",Foundations of Mental Health,="NUR140-P",="3/5/2026",="4/23/2026",="B",
="800001643",="NUR140",Foundations of Mental Health,="NUR140-P",="3/5/2026",="4/23/2026",="F",
="800001665",="NUR140",Foundations of Mental Health,="NUR140-P",="3/5/2026",="4/23/2026",="B",
="800001689",="NUR140",Foundations of Mental Health,="NUR140-P",="3/5/2026",="4/23/2026",="C",
="800001708",="NUR140",Foundations of Mental Health,="NUR140-P",="3/5/2026",="4/23/2026",="B",
="800001739",="NUR140",Foundations of Mental Health,="NUR140-P",="3/5/2026",="4/23/2026",="C",
="800001761",="NUR140",Foundations of Mental Health,="NUR140-P",="3/5/2026",="4/23/2026",="C",
="800001775",="NUR140",Foundations of Mental Health,="NUR140-P",="3/5/2026",="4/23/2026",="B",
="800001778",="NUR140",Foundations of Mental Health,="NUR140-P",="3/5/2026",="4/23/2026",="A",
="800001789",="NUR140",Foundations of Mental Health,="NUR140-P",="3/5/2026",="4/23/2026",="B",
="800001798",="NUR140",Foundations of Mental Health,="NUR140-P",="3/5/2026",="4/23/2026",="A",
="800001802",="NUR140",Foundations of Mental Health,="NUR140-P",="3/5/2026",="4/23/2026",="C",
="800000941",="NUR216-L",Adult Nursing Care I - Lab,="NUR216-L-A",="1/7/2026",="4/15/2026",="S",
="800000941",="NUR216-C",Adult Nursing Care I - Clinical,="NUR216-C-A1",="2/15/2026",="2/26/2026",="S",
="800000941",="NUR216",Adult Nursing  Care I w/Lab & Clinical,="NUR216 -A",="1/5/2026",="4/20/2026",="C",
="770000323",="NUR290",="Preceptorship",="NUR290",="2/23/2026",="4/6/2026",="A",
="770000409",="NUR290",="Preceptorship",="NUR290",="2/23/2026",="4/6/2026",="C",
="800000934",="NUR290",="Preceptorship",="NUR290",="2/23/2026",="4/6/2026",="B",
="800001142",="NUR290",="Preceptorship",="NUR290",="2/23/2026",="4/6/2026",="A",
="800001196",="NUR290",="Preceptorship",="NUR290",="2/23/2026",="4/6/2026",="B",
="800001292",="NUR290",="Preceptorship",="NUR290",="2/23/2026",="4/6/2026",="B",
="800001318",="NUR290",="Preceptorship",="NUR290",="2/23/2026",="4/6/2026",="C",
="800001410",="NUR290",="Preceptorship",="NUR290",="2/23/2026",="4/6/2026",="C",
="800001679",="NUR290",="Preceptorship",="NUR290",="2/23/2026",="4/6/2026",="A",
="800000461",="HUM300",Ethical Issues in Healthcare,="HUM 300",="3/2/2026",="4/24/2026",="A",
="800001368",="PHARM225",Pharmacology for Registered Nurses,="PHARM225-B_P",="1/5/2026",="4/13/2026",="B",
="800000941",="PHARM225",Pharmacology for Registered Nurses,="PHARM225-B_P",="1/5/2026",="4/13/2026",="B",
="800001466",="PHARM225",Pharmacology for Registered Nurses,="PHARM225-B_P",="1/5/2026",="4/13/2026",="B",
="800002008",="NUR100",Foundations of Nursing w/Lab & Clinical,="NUR100-P",="1/5/2026",="4/20/2026",="B",
="800002008",="AP100",Introduction to Anatomy and Physiology,="AP100-P",="1/8/2026",="4/16/2026",="C",
="800002008",="COL010",College and Career Success,="COL010 - OL I",="1/10/2026",="1/31/2026",="A",
="800002008",="PSY101",Introduction to Psychology,="PSY101 -OL",="1/10/2026",="4/5/2026",="A",
="800002008",="NUR102",Foundations of Nursing II,="NUR102 - P",="2/2/2026",="4/15/2026",="C",
="800001625",="NUR150",Foundations of Adult Nursing II,="NUR150-P",="3/3/2026",="4/21/2026",="B",
="770000323",="NUR255",Behavioral Health Nursing w/Clinical,="NUR255 -P",="1/8/2026",="2/26/2026",="B",
