Grade Title,Course Number,Class Start Date,Class End Date,
="WF",="AP100",="8/27/2024",="12/3/2024",
="W",="AP100",="8/27/2024",="12/3/2024",
="W",="PSY101",="8/26/2024",="12/1/2024",
="W",="PSY101",="8/29/2024",="11/22/2024",
="W",="PHARM130",="8/28/2024",="12/6/2024",
="W",="PHARM100",="9/25/2024",="11/20/2024",
="W",="AP100",="8/27/2024",="12/6/2024",
="WF",="AP100",="8/27/2024",="12/6/2024",
="W",="PHARM100",="9/26/2024",="11/22/2024",
="W",="NUT100",="8/26/2024",="12/9/2024",
="W",="NUR135",="8/26/2024",="11/25/2024",
="W",="NUR120",="8/27/2024",="12/13/2024",
="W",="NUR100",="8/26/2024",="12/3/2024",
="W",="ENG101",="8/30/2024",="11/22/2024",
="W",="ENG101",="8/28/2024",="12/31/2024",
="W",="COL010",="8/30/2024",="9/20/2024",
="WF",="PSY101",="8/26/2024",="12/1/2024",
="WF",="ENG101",="8/30/2024",="11/22/2024",
="WF",="PHARM100",="9/25/2024",="11/20/2024",
="WF",="NUR100",="8/26/2024",="12/3/2024",
="W",="COL010",="8/26/2024",="9/22/2024",
="W",="NUR125",="8/29/2024",="11/21/2024",
="W",="PHARM225",="8/26/2024",="12/2/2024",
