Student Id Number,Student First Name,Student Last Name,Enrolled Semester,Program,Registration Status,Campus,Method of Delivery,Start Date,Grad./ Withdraw Date,Withdrawal Reason,Enroll Type,Student Email,
="800000228",="Mary",="Akinyele",="FALL 2024",Associate of Applied Science in Nursing One + One,="Withdrawn",="Felbry College",="Residential",="8/26/2024",="1/8/2026",="Personal",="Half-time (50%)",makinyele@felbrycollege.edu,
="800000984",="Ayan",="Aidid",="FALL 2024",="Practical Nursing",="No Start",="Felbry College",="Residential",="8/26/2024",="4/26/2024",="",="Full-time (100%)",="aaidid@felbrycollege.edu",
="800001001",="Brittany",="Todd",="FALL 2024",Associate of Applied Science in Nursing One + One,="Transfer",="Felbry College",="Residential",="8/26/2024",="11/4/2025",Administrative Withdrawal,="Full-time (100%)",="btodd@felbrycollege.edu",
="800001044",="Hailey",="Dunfee",="FALL 2024",="Practical Nursing",="New Applicant",="Felbry College",="Residential",="8/26/2024",="",="",="Full-time (100%)",="haileydunfee3@yahoo.com",
="800001140",="Kyeisha",="Russ",="FALL 2024",="Practical Nursing",="No Start",="Felbry College",="Residential",="8/26/2024",="9/20/2024",="",="Full-time (100%)",="kruss@felbrycollege.edu",
="800001161",="Ashwaq",="Noor",="FALL 2024",Associate of Applied Science in Nursing One + One,="No Start",="Felbry College",="Residential",="8/26/2024",="8/13/2024",="",="Full-time (100%)",anoor01@felbrycollege.edu,
="800001307",="Claudia",="Granados",="FALL 2024",="Practical Nursing",="No Start",="Felbry College",="Residential",="8/26/2024",="7/5/2024",="",="Full-time (100%)",cgranados@felbrycollege.edu,
="800001404",="Khera",="Robinson-Redman",="FALL 2024",="Practical Nursing",="New Applicant",="Felbry College",="Residential",="8/26/2024",="",="",="Full-time (100%)",="kheraredmam@gmail.com",
="800001405",="Crystia",="Russell",="FALL 2024",Associate of Applied Science in Nursing One + One,="Withdrawn",="Felbry College",="Residential",="8/26/2024",="3/13/2025",Administrative Withdrawal,="Full-time (100%)",crussell@felbrycollege.edu,
="800000952",="Treshaun",="Smith",="FALL 2024",Associate of Applied Science in Nursing One + One,="Withdrawn",="Felbry College",="Residential",="8/26/2024",="8/22/2025",="Academic Dismissal",="Full-time (100%)",tsmith01@felbrycollege.edu,
="800001434",="Udoka",="Ilozurike",="FALL 2024",Associate of Applied Science in Nursing One + One,="No Start",="Felbry College",="Residential",="8/26/2024",="8/19/2024",="",="Full-time (100%)",uilozurike@felbrycollege.edu,
="800001436",="Jibril",="Omar",="FALL 2024",="Practical Nursing",="Withdrawn",="Felbry College",="Residential",="8/26/2024",="9/3/2025",="Academic Dismissal",="Full-time (100%)",="jomar@felbrycollege.edu",
="770000107",="Lynetta",="Gatlin",="FALL 2024",Associate of Applied Science in Nursing One + One,="Graduate",="Felbry College",="Residential",="8/26/2024",="12/19/2025",="",="Full-time (100%)",lgatlin@felbrycollege.edu,
="800000004",="Joyzen",="Hanlon",="FALL 2024",Associate of Applied Science in Nursing One + One,="No Start",="Felbry College",="Residential",="8/26/2024",="7/5/2024",="",="Full-time (100%)",jhanlon@felbrycollege.edu,
="800001443",="Abigail",="Acheampong",="FALL 2024",Associate of Applied Science in Nursing One + One,="Withdrawn",="Felbry College",="Residential",="8/26/2024",="8/21/2026",=" Academic Dishonesty",="Half-time (50%)",aacheampong@felbrycollege.edu,
="800001415",="Bhima",="Khatiwada",="FALL 2024",="Practical Nursing",="Graduate",="Felbry College",="Residential",="8/26/2024",="12/19/2025",="",="Half-time (50%)",bkhatiwada@felbrycollege.edu,
="800001444",="Lindy",="Woodson",="FALL 2024",Bachelor of Science in Nursing,="No Start",="Felbry College",="Residential",="8/26/2024",="9/26/2024",="Financial reasons",="Full-time (100%)",lwoodson@felbrycollege.edu,
="800001212",="Ifeyinwa",="Ezumezu",="FALL 2024",Associate of Applied Science in Nursing One + One,="New Applicant",="Felbry College",="Residential",="8/26/2024",="",="",="Full-time (100%)",iezumezu@felbrycollege.edu,
="800001445",="Kayla",="McDonald",="FALL 2024",Associate of Applied Science in Nursing One + One,="Enrolled",="Felbry College",="Residential",="8/26/2024",="",="",="Full-time (100%)",kmcdonald@felbrycollege.edu,
="800001448",="Navaria",="Mackey",="FALL 2024",Associate of Applied Science in Nursing One + One,="No Start",="Felbry College",="Residential",="8/26/2024",="4/26/2024",="",="Full-time (100%)",nmackey@felbrycollege.edu,
="800001453",="Judith",="Kajyambere",="FALL 2024",="Practical Nursing",="No Start",="Felbry College",="Residential",="8/26/2024",="4/26/2024",="",="Full-time (100%)",jkajyambere@felbrycollege.edu,
="800000839",="Lytreia",="Robertson",="FALL 2024",Associate of Applied Science in Nursing One + One,="No Start",="Felbry College",="Residential",="8/26/2024",="8/30/2024",="",="Full-time (100%)",lrobertson@felbrycollege.edu,
="800001458",="Diamond",="Frempong",="FALL 2024",Associate of Applied Science in Nursing One + One,="Withdrawn",="Felbry College",="Residential",="8/26/2024",="3/27/2025",Administrative Withdrawal,="Half-time (50%)",dfrempong@felbrycollege.edu,
="800001460",="Taiijon",="Sowell",="FALL 2024",Associate of Applied Science in Nursing One + One,="Withdrawn",="Felbry College",="Residential",="8/26/2024",="3/24/2025",="Health",="Full-time (100%)",tsowell@felbrycollege.edu,
="800001461",="Elizabeth",="Bray",="FALL 2024",Associate of Applied Science in Nursing One + One,="No Start",="Felbry College",="Residential",="8/26/2024",="8/23/2024",="",="Full-time (100%)",="ebray@felbrycollege.edu",
="800001462",="Joanne",="Laporte",="FALL 2024",="Practical Nursing",="No Start",="Felbry College",="Residential",="8/26/2024",="4/26/2024",="",="Full-time (100%)",="laportejoanne4@gmail.com",
="800001466",="Katelyn",="Deleon",="FALL 2024",Associate of Applied Science in Nursing One + One,="Transfer",="Felbry College",="Residential",="8/26/2024",="12/16/2024",="",="Half-time (50%)",kdeleon@felbrycollege.edu,
="800001069",="Ikran",="Ibrahim",="FALL 2024",="Practical Nursing",="No Start",="Felbry College",="Residential",="8/26/2024",="9/2/2024",="",="Full-time (100%)",iibrahim@felbrycollege.edu,
="800001075",="Davia",="Martin",="FALL 2024",Associate of Applied Science in Nursing One + One,="No Start",="Felbry College",="Residential",="8/26/2024",="4/26/2024",="",="Full-time (100%)",dmartin@felbrycollege.edu,
="800001467",="Nydia",="Smith",="FALL 2024",Associate of Applied Science in Nursing One + One,="No Start",="Felbry College",="Residential",="8/26/2024",="8/26/2024",="",="Full-time (100%)",="nsmith@felbrycollege.edu",
="800001468",="Jayla",="McDonald",="FALL 2024",Associate of Applied Science in Nursing One + One,="Enrolled",="Felbry College",="Residential",="8/26/2024",="",="",="Half-time (50%)",jmcdonald@felbrycollege.edu,
="800001470",="Dikchya",="Dhakal",="FALL 2024",Associate of Applied Science in Nursing One + One,="Withdrawn",="Felbry College",="Residential",="8/26/2024",="11/26/2024",Administrative Withdrawal,="Full-time (100%)",ddhakal@felbrycollege.edu,
="800001204",="Rene",="Chong",="FALL 2024",Associate of Applied Science in Nursing One + One,="Withdrawn",="Felbry College",="Residential",="8/26/2024",="4/24/2026",="",="Full-time (100%)",="rchong@felbrycollege.edu",
="800001471",="Rita",="Amakye",="FALL 2024",="Practical Nursing",="Transfer",="Felbry College",="Residential",="8/26/2024",="12/13/2024",="",="Full-time (100%)",ramakye@felbrycollege.edu,
="800001232",="Ravynn",="Jackson",="FALL 2024",="Practical Nursing",="No Start",="Felbry College",="Residential",="8/26/2024",="4/26/2024",="",="Full-time (100%)",rjackson@felbrycollege.edu,
="800001473",="Esther",="Mansaray",="FALL 2024",="Practical Nursing",="Withdrawn",="Felbry College",="Residential",="8/26/2024",="9/3/2025",="Academic Dismissal",="Full-time (100%)",emansaray@felbrycollege.edu,
="800001477",="Jamila",="Jama",="FALL 2024",="Practical Nursing",="No Start",="Felbry College",="Residential",="8/26/2024",="9/6/2024",="",="Full-time (100%)",="jjama@felbrycollege.edu",
="800001479",="Sharya",="Holloway",="FALL 2024",Associate of Applied Science in Nursing One + One,="Withdrawn",="Felbry College",="Residential",="8/26/2024",="11/18/2024",Administrative Withdrawal,="Half-time (50%)",sholloway@felbrycollege.edu,
="800001481",="Asha",="Mohamed",="FALL 2024",="Practical Nursing",="No Start",="Felbry College",="Residential",="8/26/2024",="8/19/2024",="",="Full-time (100%)",amohamed01@felbrycollege.edu,
="800001482",="Anisa",="Abbas",="FALL 2024",="Practical Nursing",="No Start",="Felbry College",="Residential",="8/26/2024",="8/23/2024",="",="Full-time (100%)",aabbas01@felbrycollege.edu,
="800001484",="Ashley",="Boothe",="FALL 2024",="Practical Nursing",="Withdrawn",="Felbry College",="Residential",="8/26/2024",="12/19/2025",="Academic Dismissal",="Full-time (100%)",aboothe@felbrycollege.edu,
="800001485",="Zurafo",="Lutfulloeva",="FALL 2024",="Practical Nursing",="Graduate",="Felbry College",="Residential",="8/26/2024",="12/19/2025",="",="Full-time (100%)",zlutfulloeva@felbrycollege.edu,
="800001486",="Meymuna",="Ahmed",="FALL 2024",="Practical Nursing",="No Start",="Felbry College",="Residential",="8/26/2024",="8/14/2024",="",="Full-time (100%)",mahmed02@felbrycollege.edu,
="800001489",="Aisha",="Haskins",="FALL 2024",Associate of Applied Science in Nursing One + One,="Withdrawn",="Felbry College",="Residential",="8/26/2024",="9/3/2025",="Academic Dismissal",="Half-time (50%)",ahaskins@felbrycollege.edu,
="800001495",="Deynaw",="Mohamud",="FALL 2024",Associate of Applied Science in Nursing One + One,="Withdrawn",="Felbry College",="Residential",="8/26/2024",="4/18/2025",="Academic Dismissal",="Half-time (50%)",dmohamud@felbrycollege.edu,
="800001497",="Reoma",="Rogers",="FALL 2024",Associate of Applied Science in Nursing One + One,="Withdrawn",="Felbry College",="Residential",="8/26/2024",="11/10/2025",="Personal",="Half-time (50%)",rrogers@felbrycollege.edu,
="800001498",="Lidya",="Tesfamariam",="FALL 2024",Associate of Applied Science in Nursing One + One,="Enrolled",="Felbry College",="Residential",="8/26/2024",="",="Academic Dismissal",="Half-time (50%)",ltesfamariam@felbrycollege.edu,
="800001499",="Napria",="Turner",="FALL 2024",="Practical Nursing",="No Start",="Felbry College",="Residential",="8/26/2024",="4/26/2024",="",="Full-time (100%)",nturner@felbrycollege.edu,
="800001500",="Melissa",="Peppercorn",="FALL 2024",Associate of Applied Science in Nursing One + One,="No Start",="Felbry College",="Residential",="8/26/2024",="8/30/2024",="",="Full-time (100%)",mpeppercorn@felbrycollege.edu,
="800001501",="Christy",="Marcelin",="FALL 2024",="Practical Nursing",="Withdrawn",="Felbry College",="Residential",="8/26/2024",="3/7/2025",="Travel",="Full-time (100%)",cmarcelin@felbrycollege.edu,
="800001502",="Ayan",="Ahmed",="FALL 2024",Associate of Applied Science in Nursing One + One,="Enrolled",="Felbry College",="Residential",="8/26/2024",="",="",="Half-time (50%)",="aahmed@felbrycollege.edu",
="800001504",="Maxmud",="Mo",="FALL 2024",Associate of Applied Science in Nursing One + One,="Withdrawn",="Felbry College",="Residential",="8/26/2024",="10/27/2024",="Family Issues",="Full-time (100%)",="mmo@felbrycollege.edu",
="800001505",="Flore",="Metellus",="FALL 2024",="Practical Nursing",="Graduate",="Felbry College",="Residential",="8/26/2024",="4/24/2026",="",="Full-time (100%)",fmetellus@felbrycollege.edu,
="800001506",="Maryan",="Aden",="FALL 2024",="Practical Nursing",="Withdrawn",="Felbry College",="Residential",="8/26/2024",="9/3/2025",="Academic Dismissal",="Full-time (100%)",="maden@felbrycollege.edu",
="800001508",="Sahra",="Salah",="FALL 2024",="Practical Nursing",="Graduate",="Felbry College",="Residential",="8/26/2024",="12/19/2025",="",="Full-time (100%)",="ssalah@felbrycollege.edu",
="800001511",="Tarah",="Fagan",="FALL 2024",="Practical Nursing",="Graduate",="Felbry College",="Residential",="8/26/2024",="12/19/2025",="",="Half-time (50%)",="tfagan@felbrycollege.edu",
="770000452",="Roman",="Demisse",="FALL 2024",Associate of Applied Science in Nursing One + One,="No Start",="Felbry College",="Residential",="8/26/2024",="9/6/2024",="",="Full-time (100%)",rdemisse@felbrycollege.edu,
="800001513",="Precious",="Kumi",="FALL 2024",Bachelor of Science in Nursing,="Enrolled",="Felbry College",="Residential",="8/26/2024",="",="",="Full-time (100%)",="pkumi@felbrycollege.edu",
="800001514",="Larry",="Anu",="FALL 2024",Associate of Applied Science in Nursing One + One,="No Start",="Felbry College",="Residential",="8/26/2024",="9/6/2024",="",="Full-time (100%)",="lanu@felbrycollege.edu",
="800001517",="Asho",="Hassan",="FALL 2024",Associate of Applied Science in Nursing One + One,="Withdrawn",="Felbry College",="Residential",="8/26/2024",="4/24/2026",="Academic Dismissal",="Half-time (50%)",ahassan@felbrycollege.edu,
="800001521",="Betukumesu",="Mandela",="FALL 2024",Associate of Applied Science in Nursing One + One,="No Start",="Felbry College",="Residential",="8/26/2024",="9/3/2024",="",="Full-time (100%)",bmandela@felbrycollege.edu,
="800001524",="April",="Davis",="FALL 2024",="Practical Nursing",="Withdrawn",="Felbry College",="Residential",="8/26/2024",="3/6/2025",="Personal Problems",="Full-time (100%)",="adavis@felbrycollege.edu",
="800001525",="Ngoe",="Ekosse Semplice",="FALL 2024",="Practical Nursing",="Withdrawn",="Felbry College",="Residential",="8/26/2024",="9/3/2025",="Academic Dismissal",="Full-time (100%)",nsemplice@felbrycollege.edu,
="800001527",="Uma",="Jama",="FALL 2024",Associate of Applied Science in Nursing One + One,="Withdrawn",="Felbry College",="Residential",="8/26/2024",="10/14/2024",Administrative Withdrawal,="Half-time (50%)",="ujama@felbrycollege.edu",
="800001528",="Sarah",="Lumasa",="FALL 2024",="Practical Nursing",="Withdrawn",="Felbry College",="Residential",="8/26/2024",="8/21/2026",="Academic Dismissal",="Full-time (100%)",slumasa@felbrycollege.edu,
="800001529",="Fatuma",="Abdi",="FALL 2024",Associate of Applied Science in Nursing One + One,="Graduate",="Felbry College",="Residential",="8/26/2024",="8/21/2026",="",="Half-time (50%)",="fabdi@felbrycollege.edu",
="800001530",="Grace",="Ite",="FALL 2024",="Practical Nursing",="Graduate",="Felbry College",="Residential",="8/26/2024",="4/24/2026",="",="Full-time (100%)",="gite@felbrycollege.edu",
="800001531",="Cierah",="Neasley",="FALL 2024",Associate of Applied Science in Nursing One + One,="Withdrawn",="Felbry College",="Residential",="8/26/2024",="1/23/2025",Administrative Withdrawal,="Half-time (50%)",cneasley@felbrycollege.edu,
="800001533",="Doris",="Opoku",="FALL 2024",="Practical Nursing",="Withdrawn",="Felbry College",="Residential",="8/26/2024",="8/21/2026",=" Academic Dishonesty",="Half-time (50%)",="dopoku@felbrycollege.edu",
="800001534",="Ange",="Matulonga",="FALL 2024",="Practical Nursing",="Graduate",="Felbry College",="Residential",="8/26/2024",="4/24/2026",="",="Full-time (100%)",amatulonga@felbrycollege.edu,
="800001539",="Jervis",="Takafor",="FALL 2024",Associate of Applied Science in Nursing One + One,="Withdrawn",="Felbry College",="Residential",="8/26/2024",="5/9/2025",="Academic Dismissal",="Full-time (100%)",jtakafor@felbrycollege.edu,
="800001540",="Samsam",="Dhagane",="FALL 2024",="Practical Nursing",="Withdrawn",="Felbry College",="Residential",="8/26/2024",="5/14/2025",="",="Full-time (100%)",sdhagane@felbrycollege.edu,
="800001543",="Lakesha",="Washington",="FALL 2024",="Practical Nursing",="Withdrawn",="Felbry College",="Residential",="8/26/2024",="8/21/2026",="Academic Dismissal",="Full-time (100%)",lwashington01@felbrycollege.edu,
="800001332",="Hanan",="Mohamed",="FALL 2024",="Practical Nursing",="No Start",="Felbry College",="Residential",="8/26/2024",="9/3/2024",="",="Full-time (100%)",hmohamed01@felbrycollege.edu,
="800001544",="Fatoumata",="Bangoura",="FALL 2024",="Practical Nursing",="No Start",="Felbry College",="Residential",="8/26/2024",="9/9/2024",="",="Full-time (100%)",fbangoura@felbrycollege.edu,
="770000488",="Kimberly",="Sherrod",="FALL 2024",Associate of Applied Science in Nursing One + One,="Withdrawn",="Felbry College",="Residential",="8/26/2024",="10/4/2024",="Financial reasons",="Half-time (50%)",ksherrod@felbrycollege.edu,
="800001546",="Parwata",="Gadtaula",="FALL 2024",="Practical Nursing",="No Start",="Felbry College",="Residential",="8/26/2024",="9/7/2024",="",="Full-time (100%)",pgadtaula@felbrycollege.edu,
="800001547",="Mariame",="Camara",="FALL 2024",="Practical Nursing",="No Start",="Felbry College",="Residential",="8/26/2024",="9/9/2024",="",="Full-time (100%)",mcamara@felbrycollege.edu,
="800001548",="Abdul",="Kamara",="FALL 2024",Associate of Applied Science in Nursing One + One,="Enrolled",="Felbry College",="Residential",="8/26/2024",="",="",="Full-time (100%)",akamara@felbrycollege.edu,
="800001549",="Keeonia",="Davis",="FALL 2024",="Practical Nursing",="Withdrawn",="Felbry College",="Residential",="8/26/2024",="5/2/2025",="",="Full-time (100%)",="kdavis@felbrycollege.edu",
="770000745",="Erin",="Williams",="FALL 2024",Associate of Applied Science in Nursing One + One,="No Start",="Felbry College",="Residential",="8/26/2024",="8/28/2024",="",="Half-time (50%)",ewilliams@felbrycollege.edu,
="800001029",="Ciera",="Clinkscale",="FALL 2024",="Practical Nursing",="Withdrawn",="Felbry College",="Residential",="8/26/2024",="9/3/2025",="Academic Dismissal",="Full-time (100%)",cclinkscale@felbrycollege.edu,
="800000678",="Bilkis",="Henry",="FALL 2024",Associate of Applied Science in Nursing One + One,="Graduate",="Felbry College",="Residential",="8/26/2024",="12/13/2024",="",="Half-time (50%)",="bhenry@felbrycollege.edu",
="800000713",="Alfreda",="Baffour",="FALL 2024",Associate of Applied Science in Nursing One + One,="Graduate",="Felbry College",="Residential",="8/26/2024",="5/5/2025",="",="Half-time (50%)",abaffour@felbrycollege.edu,
="800001031",="Ya Amie",="Konateh",="FALL 2024",="Practical Nursing",="Graduate",="Felbry College",="Residential",="8/26/2024",="4/25/2025",="",="Full-time (100%)",ykonateh@felbrycollege.edu,
="800001556",="VINCENT",="MUTEBE",="FALL 2024",Bachelor of Science in Nursing,="No Start",="Felbry College",="Residential",="8/26/2024",="8/30/2024",="",="Full-time (100%)",vmutebe@felbrycollege.edu,
="800000230",="Hawi",="Kassa",="FALL 2024",="Practical Nursing",="Withdrawn",="Felbry College",="Residential",="8/26/2024",="12/19/2025",="Academic Dismissal",="Half-time (50%)",="hkassa@felbrycollege.edu",
="800001557",="Indira",="Adhikari",="FALL 2024",="Practical Nursing",="Graduate",="Felbry College",="Residential",="8/26/2024",="4/24/2026",="",="Half-time (50%)",iadhikari@felbrycollege.edu,
="800000550",="Marwo",="Sahel",="FALL 2024",Associate of Applied Science in Nursing One + One,="Graduate",="Felbry College",="Residential",="8/26/2024",="4/25/2025",="",="Full-time (100%)",="msahel@felbrycollege.edu",
="800001280",="Evelyn",="Irizarry",="FALL 2024",Associate of Applied Science in Nursing One + One,="Withdrawn",="Felbry College",="Residential",="8/26/2024",="3/10/2025",Administrative Withdrawal,="Full-time (100%)",eirizarry@felbrycollege.edu,
="800000631",="Hassan",="Radda",="FALL 2024",Associate of Applied Science in Nursing One + One,="Withdrawn",="Felbry College",="Residential",="8/26/2024",="12/13/2024",="Academic Dismissal",="Half-time (50%)",="hradda@felbrycollege.edu",
="800000703",="Carrie",="Blakeley",="FALL 2024",Associate of Applied Science in Nursing One + One,="Graduate",="Felbry College",="Residential",="8/26/2024",="12/13/2024",="",="Half-time (50%)",cblakeley@felbrycollege.edu,
="800000600",="Searis",="West-Brantley",="FALL 2024",Associate of Applied Science in Nursing One + One,="Graduate",="Felbry College",="Residential",="8/26/2024",="4/25/2025",="",="Full-time (100%)",swest-brantley@felbrycollege.edu,
="800000608",="Cindy",="Zulu",="FALL 2024",Associate of Applied Science in Nursing One + One,="Graduate",="Felbry College",="Residential",="8/26/2024",="4/25/2025",="",="Half-time (50%)",="czulu@felbrycollege.edu",
="770001374",="Zeman",="Isreal",="FALL 2024",Associate of Applied Science in Nursing One + One,="Withdrawn",="Felbry College",="Residential",="8/26/2024",="11/13/2024",="Financial reasons",="Half-time (50%)",zisreal@felbrycollege.edu,
="800000708",="Tamu",="Thomas",="FALL 2024",Associate of Applied Science in Nursing One + One,="Transfer",="Felbry College",="Residential",="8/26/2024",="1/17/2025",="",="Full-time (100%)",tthomas@felbrycollege.edu,
="800000852",="Mellat",="Gebremeskel",="FALL 2024",Associate of Applied Science in Nursing One + One,="Withdrawn",="Felbry College",="Residential",="8/26/2024",="4/18/2025",="Academic Dismissal",="Half-time (50%)",mgebremeskel@felbrycollege.edu,
="800001613",="Olufunke",="Akande",="FALL 2024",Bachelor of Science in Nursing,="Withdrawn",="Felbry College",="Residential",="8/26/2024",="8/6/2026",="",="Full-time (100%)",akande01@felbrycollege.edu,
="800000671",="Rein",="Uko-Phiri",="FALL 2024",Associate of Applied Science in Nursing One + One,="Graduate",="Felbry College",="Residential",="8/26/2024",="4/25/2025",="",="Half-time (50%)",ruko-phiri@felbrycollege.edu,
="800000607",="Bolanle",="Oloso",="FALL 2024",Associate of Applied Science in Nursing One + One,="Graduate",="Felbry College",="Residential",="8/26/2024",="12/13/2024",="",="Half-time (50%)",="boloso@felbrycollege.edu",
="800000198",="Koko",="Lawson Placca Eyang",="FALL 2024",Associate of Applied Science in Nursing One + One,="Graduate",="Felbry College",="Residential",="8/26/2024",="5/16/2025",Administrative Withdrawal,="Half-time (50%)",klawson@felbrycollege.edu,
="800000667",="Abisola",="Odusemowo",="FALL 2024",Associate of Applied Science in Nursing One + One,="Graduate",="Felbry College",="Residential",="8/26/2024",="12/13/2024",="",="Half-time (50%)",aodusemowo@felbrycollege.edu,
