Student Id Number,Student First Name,Student Last Name,Enrolled Semester,Program,Registration Status,Campus,Method of Delivery,Start Date,Grad./ Withdraw Date,Withdrawal Reason,Enroll Type,
="800000348",="Janiyah",="Woods",="SUMMER 2025",="Practical Nursing",="Enrolled",="Felbry College",="Residential",="5/5/2025",="",="",="Half-time (50%)",
="800000539",="Carolyn",="Jackson",="SUMMER 2025",="Practical Nursing",="No Start",="Felbry College",="Residential",="5/5/2025",="8/21/2026",="",="Full-time (100%)",
="800001357",="Helen",="Husen",="SUMMER 2025",="Practical Nursing",="No Start",="Felbry College",="Residential",="5/5/2025",="5/5/2025",="",="Full-time (100%)",
="800001553",="Sarah",="Perry",="SUMMER 2025",="Practical Nursing",="Graduate",="Felbry College",="Residential",="5/12/2025",="4/24/2026",="",="Half-time (50%)",
="800001562",="Cameron",="Dymally",="SUMMER 2025",Associate of Applied Science in Nursing One + One,="Enrolled",="Felbry College",="Residential",="5/12/2025",="",="",="Full-time (100%)",
="800001563",="Vanessa",="Sibanda",="SUMMER 2025",="Practical Nursing",="Enrolled",="Felbry College",="Residential",="5/12/2025",="",="",="Full-time (100%)",
="800001617",="Ebony",="Thomas",="SUMMER 2025",="Practical Nursing",="Withdrawn",="Felbry College",="Residential",="5/12/2025",="7/2/2025",="Personal Problems",="Half-time (50%)",
="800001632",="Sheila",="Addison",="SUMMER 2025",Associate of Applied Science in Nursing One + One,="No Start",="Felbry College",="Residential",="5/5/2025",="5/5/2025",="",="Full-time (100%)",
="800001669",="Sadiyo",="Mahamud",="SUMMER 2025",Associate of Applied Science in Nursing One + One,="No Start",="Felbry College",="Residential",="5/5/2025",="2/26/2025",="",="Full-time (100%)",
="800001673",="Angelisha",="Griffin",="SUMMER 2025",Associate of Applied Science in Nursing One + One,="Enrolled",="Felbry College",="Residential",="5/12/2025",="",="",="Half-time (50%)",
="800001676",="Brandi",="Hucks",="SUMMER 2025",="Practical Nursing",="No Start",="Felbry College",="Residential",="5/5/2025",="5/13/2025",="",="Half-time (50%)",
="800001684",="keiwaunna",="petty",="SUMMER 2025",Associate of Applied Science in Nursing,="New Applicant",="Felbry College",="Residential",="5/5/2025",="",="",="Full-time (100%)",
="800001698",="Fanta",="Kaloka",="SUMMER 2025",Associate of Applied Science in Nursing One + One,="No Start",="Felbry College",="Residential",="5/5/2025",="5/1/2025",="",="Full-time (100%)",
="800001699",="Kassidy",="Simmons",="SUMMER 2025",="Practical Nursing",="Withdrawn",="Felbry College",="Residential",="5/12/2025",="9/12/2025",="",="Full-time (100%)",
="800001703",="Erica",="Sutton",="SUMMER 2025",="Practical Nursing",="No Start",="Felbry College",="Residential",="5/5/2025",="5/29/2025",="",="Full-time (100%)",
="800001705",="Channie",="Anderson Young",="SUMMER 2025",="Practical Nursing",="Withdrawn",="Felbry College",="Residential",="5/12/2025",="9/24/2025",="Personal",="Half-time (50%)",
="800001708",="Zainab",="Fornah",="SUMMER 2025",="Practical Nursing",="Enrolled",="Felbry College",="Residential",="5/12/2025",="",="",="Full-time (100%)",
="800001710",="Makda",="Tesfamariam",="SUMMER 2025",="Practical Nursing",="Enrolled",="Felbry College",="Residential",="5/12/2025",="",="",="Half-time (50%)",
="800001711",="Grace",="Armstrong",="SUMMER 2025",="Practical Nursing",="Graduate",="Felbry College",="Residential",="5/12/2025",="4/24/2026",="",="Half-time (50%)",
="800001712",="Euratian",="Ngochembo",="SUMMER 2025",="Practical Nursing",="Graduate",="Felbry College",="Residential",="5/12/2025",="4/24/2026",="",="Half-time (50%)",
="800001713",="Linda",="Mcclain",="SUMMER 2025",Associate of Applied Science in Nursing One + One,="No Start",="Felbry College",="Residential",="5/5/2025",="5/1/2025",="",="Full-time (100%)",
="800001714",="Londa",="Jennings",="SUMMER 2025",="Practical Nursing",="Enrolled",="Felbry College",="Residential",="5/12/2025",="",="",="Full-time (100%)",
="800001715",="Mariama",="Bah",="SUMMER 2025",Associate of Applied Science in Nursing One + One,="No Start",="Felbry College",="Residential",="5/5/2025",="4/16/2025",="",="Full-time (100%)",
="800001719",="Gregory",="Vancol",="SUMMER 2025",="Practical Nursing",="Withdrawn",="Felbry College",="Residential",="5/5/2025",="12/19/2025",Administrative Withdrawal,="Full-time (100%)",
="800001650",="Ronaldino",="Mbelem",="SUMMER 2025",="Practical Nursing",="Enrolled",="Felbry College",="Residential",="5/12/2025",="",="",="Full-time (100%)",
="800001612",="Rhonda",="Jennings",="SUMMER 2025",Associate of Applied Science in Nursing One + One,="No Start",="Felbry College",="Residential",="5/5/2025",="2/24/2025",="",="Full-time (100%)",
="800001721",="Ronkay",="Griffith",="SUMMER 2025",Associate of Applied Science in Nursing One + One,="No Start",="Felbry College",="Residential",="5/5/2025",="4/9/2025",="",="Full-time (100%)",
="800001723",="Vasty",="Vaval",="SUMMER 2025",="Practical Nursing",="Enrolled",="Felbry College",="Residential",="5/12/2025",="",="",="Half-time (50%)",
="800001637",="Georgina",="Gyasi-Agyei",="SUMMER 2025",Associate of Applied Science in Nursing One + One,="No Start",="Felbry College",="Residential",="5/5/2025",="5/13/2025",="",="Full-time (100%)",
="800001724",="Kahdaja",="Blackwood",="SUMMER 2025",="Practical Nursing",="Enrolled",="Felbry College",="Residential",="5/12/2025",="",="",="Full-time (100%)",
="800001725",="Justine",="Watters",="SUMMER 2025",="Practical Nursing",="No Start",="Felbry College",="Residential",="5/5/2025",="5/30/2025",="",="Full-time (100%)",
="800001726",="Ngozi",="Nkem Ukpabi",="SUMMER 2025",="Practical Nursing",="Withdrawn",="Felbry College",="Residential",="5/5/2025",="8/4/2025",="",="Half-time (50%)",
="800001728",="Grace",="Kalala",="SUMMER 2025",="Practical Nursing",="Withdrawn",="Felbry College",="Residential",="5/12/2025",="12/12/2025",="Personal Problems",="Full-time (100%)",
="800001729",="Beatrice",="Lereh",="SUMMER 2025",="Practical Nursing",="Enrolled",="Felbry College",="Residential",="5/12/2025",="",="",="Half-time (50%)",
="800001731",="Eltania",="Geffrard",="SUMMER 2025",="Practical Nursing",="Withdrawn",="Felbry College",="Residential",="5/12/2025",="6/9/2025",="Personal",="Full-time (100%)",
="800001733",="Janet",="Twumasi",="SUMMER 2025",="Practical Nursing",="Withdrawn",="Felbry College",="Residential",="5/12/2025",="2/12/2026",=" Academic Dishonesty",="Half-time (50%)",
="800001434",="Udoka",="Ilozurike",="SUMMER 2025",="Practical Nursing",="Enrolled",="Felbry College",="Residential",="5/12/2025",="",="",="Half-time (50%)",
="800001735",="Berline",="Djuissi",="SUMMER 2025",="Practical Nursing",="Enrolled",="Felbry College",="Residential",="5/12/2025",="",="",="Full-time (100%)",
="800001736",="Nadage",="Andin",="SUMMER 2025",="Practical Nursing",="Withdrawn",="Felbry College",="Residential",="5/12/2025",="8/4/2025",="Health",="Full-time (100%)",
="800001737",="Shella",="Ndedi",="SUMMER 2025",="Practical Nursing",="No Start",="Felbry College",="Residential",="5/5/2025",="5/23/2025",="",="Full-time (100%)",
="800001739",="Sahro",="Mahamud",="SUMMER 2025",="Practical Nursing",="Enrolled",="Felbry College",="Residential",="5/12/2025",="",="",="Full-time (100%)",
="800001740",="Isatou",="Njai",="SUMMER 2025",="Practical Nursing",="Graduate",="Felbry College",="Residential",="5/12/2025",="4/24/2026",="",="Half-time (50%)",
="800001741",="Destinee",="McClain",="SUMMER 2025",Associate of Applied Science in Nursing One + One,="No Start",="Felbry College",="Residential",="1/6/2025",="5/1/2025",="",="Full-time (100%)",
="800001745",="Tiara",="Thomas",="SUMMER 2025",="Practical Nursing",="Withdrawn",="Felbry College",="Residential",="5/12/2025",="12/19/2025",="Academic Dismissal",="Half-time (50%)",
="800001746",="Brianna",="Martin",="SUMMER 2025",Associate of Applied Science in Nursing One + One,="No Start",="Felbry College",="Residential",="5/5/2025",="4/29/2025",="",="Full-time (100%)",
="800001748",="Amber",="Johnson",="SUMMER 2025",="Practical Nursing",="No Start",="Felbry College",="Residential",="5/5/2025",="5/1/2025",="",="Full-time (100%)",
="800001749",="Jeremy",="Dorinsky",="SUMMER 2025",Associate of Applied Science in Nursing One + One,="New Applicant",="Felbry College",="Residential",="5/5/2025",="",="",="Full-time (100%)",
="800001751",="Desiree",="Davenport",="SUMMER 2025",="Practical Nursing",="Graduate",="Felbry College",="Residential",="5/12/2025",="4/24/2026",="",="Full-time (100%)",
="800001752",="Ashley",="Jackson",="SUMMER 2025",="Practical Nursing",="Withdrawn",="Felbry College",="Residential",="5/12/2025",="8/22/2025",="",="Half-time (50%)",
="800001753",="Alondra",="Alvarado",="SUMMER 2025",="Practical Nursing",="No Start",="Felbry College",="Residential",="5/5/2025",="5/13/2025",="",="Half-time (50%)",
="800001757",="Alimatu",="Meemore Jones",="SUMMER 2025",="Practical Nursing",="Enrolled",="Felbry College",="Residential",="5/12/2025",="",="",="Full-time (100%)",
="800001760",="Christasia",="Threat",="SUMMER 2025",="Practical Nursing",="Withdrawn",="Felbry College",="Residential",="5/12/2025",="12/19/2025",="",="Half-time (50%)",
="800001761",="Brittany",="Smith",="SUMMER 2025",="Practical Nursing",="Enrolled",="Felbry College",="Residential",="5/12/2025",="",="",="Full-time (100%)",
="800001763",="Marthe Doris",="Gozion A Etong",="SUMMER 2025",="Practical Nursing",="No Start",="Felbry College",="Residential",="5/5/2025",="5/5/2025",="",="Half-time (50%)",
="800001765",="Aimuamwosa",="Enehizena",="SUMMER 2025",="Practical Nursing",="Withdrawn",="Felbry College",="Residential",="5/12/2025",="11/9/2025",="Personal",="Full-time (100%)",
="800001767",="Shifah",="Mujuzi",="SUMMER 2025",="Practical Nursing",="No Start",="Felbry College",="Residential",="5/5/2025",="5/1/2025",="",="Full-time (100%)",
="800001769",="Wilnise",="Geffrard",="SUMMER 2025",="Practical Nursing",="Enrolled",="Felbry College",="Residential",="5/12/2025",="",="",="Full-time (100%)",
="800001771",="Andy",="Tendongze",="SUMMER 2025",="Practical Nursing",="Enrolled",="Felbry College",="Residential",="5/12/2025",="",="",="Half-time (50%)",
="800001772",="tyquana",="smith",="SUMMER 2025",="Practical Nursing",="No Start",="Felbry College",="Residential",="5/5/2025",="5/7/2025",="",="Full-time (100%)",
="800001774",="Jaquira",="Walker",="SUMMER 2025",Associate of Applied Science in Nursing One + One,="No Start",="Felbry College",="Residential",="5/12/2025",="5/12/2025",="",="Full-time (100%)",
="800001775",="Sumitra",="Basnet",="SUMMER 2025",="Practical Nursing",="Enrolled",="Felbry College",="Residential",="5/12/2025",="",="",="Half-time (50%)",
="800001776",="Durga",="Timsina",="SUMMER 2025",="Practical Nursing",="Withdrawn",="Felbry College",="Residential",="5/12/2025",="1/23/2026",="Health",="Full-time (100%)",
="800001778",="Atishewi",="Karki",="SUMMER 2025",="Practical Nursing",="Enrolled",="Felbry College",="Residential",="5/12/2025",="",="",="Half-time (50%)",
="800001782",="Tyra",="Williams",="SUMMER 2025",Associate of Applied Science in Nursing One + One,="No Start",="Felbry College",="Residential",="5/12/2025",="5/7/2025",="",="Full-time (100%)",
="800001783",="Sabrin",="Warsame",="SUMMER 2025",="Practical Nursing",="No Start",="Felbry College",="Residential",="5/12/2025",="6/4/2025",="",="Full-time (100%)",
="800001784",="Florence",="Simeon",="SUMMER 2025",="Practical Nursing",="Withdrawn",="Felbry College",="Residential",="5/12/2025",="12/19/2025",="Academic Dismissal",="Half-time (50%)",
="800001787",="Asli",="Guta",="SUMMER 2025",="Practical Nursing",="Withdrawn",="Felbry College",="Residential",="5/12/2025",="9/12/2025",="",="Half-time (50%)",
="800001789",="Khadija",="Hassan",="SUMMER 2025",="Practical Nursing",="Enrolled",="Felbry College",="Residential",="5/12/2025",="",="",="Full-time (100%)",
="800001790",="Mandop",="Epanty",="SUMMER 2025",="Practical Nursing",="No Start",="Felbry College",="Residential",="5/12/2025",="5/20/2025",="",="Full-time (100%)",
="800001793",="Aminalaki",="Mohamed",="SUMMER 2025",="Practical Nursing",="Graduate",="Felbry College",="Residential",="5/12/2025",="4/24/2026",="",="Half-time (50%)",
="800001797",="cyril",="tsofac",="SUMMER 2025",Associate of Applied Science in Nursing One + One,="No Start",="Felbry College",="Residential",="5/12/2025",="5/12/2025",="",="Full-time (100%)",
="800001798",="Januka",="Baniya",="SUMMER 2025",="Practical Nursing",="Enrolled",="Felbry College",="Residential",="5/12/2025",="",="",="Half-time (50%)",
="800001799",="Roda",="Ibrahim",="SUMMER 2025",="Practical Nursing",="No Start",="Felbry College",="Residential",="5/12/2025",="5/16/2025",="",="Full-time (100%)",
="800001801",="Fatima",="Mohamed",="SUMMER 2025",="Practical Nursing",="Withdrawn",="Felbry College",="Residential",="5/12/2025",="12/19/2025",="Academic Dismissal",="Half-time (50%)",
="800001802",="Oluwatosin",="Gbadamosi",="SUMMER 2025",="Practical Nursing",="Enrolled",="Felbry College",="Residential",="5/12/2025",="",="",="Full-time (100%)",
="800001803",="Latu",="Muleta",="SUMMER 2025",="Practical Nursing",="Enrolled",="Felbry College",="Residential",="5/12/2025",="",="",="Full-time (100%)",
="800001804",="MOHAMED",="NUR",="SUMMER 2025",="Practical Nursing",="No Start",="Felbry College",="Residential",="5/12/2025",="6/6/2025",Administrative Withdrawal,="Half-time (50%)",
="800001419",="Evert",="Ekom",="SUMMER 2025",="Practical Nursing",="Graduate",="Felbry College",="Residential",="5/12/2025",="4/24/2026",="Academic Dismissal",="Full-time (100%)",
="800001808",="Maryan",="Mohamed",="SUMMER 2025",="Practical Nursing",="No Start",="Felbry College",="Residential",="5/12/2025",="5/12/2025",="",="Full-time (100%)",
="800001165",="Kasheema",="Payne",="SUMMER 2025",Associate of Applied Science in Nursing One + One,="No Start",="Felbry College",="Residential",="5/12/2025",="6/13/2025",="",="Full-time (100%)",
="800001810",="Suidyhe",="Wethington",="SUMMER 2025",="Practical Nursing",="Withdrawn",="Felbry College",="Residential",="5/12/2025",="11/18/2025",="",="Half-time (50%)",
="800001812",="Aden",="Farah",="SUMMER 2025",="Practical Nursing",="Withdrawn",="Felbry College",="Residential",="5/12/2025",="12/19/2025",Administrative Withdrawal,="Full-time (100%)",
="800001813",="Fatuma",="Ali",="SUMMER 2025",="Practical Nursing",="Graduate",="Felbry College",="Residential",="5/12/2025",="4/24/2026",="",="Half-time (50%)",
="800001579",="Roshanda",="King",="SUMMER 2025",="Practical Nursing",="No Start",="Felbry College",="Residential",="5/12/2025",="6/9/2025",Administrative Withdrawal,="Half-time (50%)",
="800000282",="Bilan",="Osman",="SUMMER 2025",RN to BSN Completion Program,="No Start",="Felbry College",="Residential",="5/12/2025",="5/20/2025",="",="Full-time (100%)",
="800001814",="Breanna",="Owens-Gibbons",="SUMMER 2025",="Practical Nursing",="No Start",="Felbry College",="Residential",="5/12/2025",="5/12/2025",="",="Full-time (100%)",
="800001815",="Darmyelesh",="Batebo",="SUMMER 2025",="Practical Nursing",="Enrolled",="Felbry College",="Residential",="5/12/2025",="",="",="Half-time (50%)",
="800001405",="Crystia",="Russell",="SUMMER 2025",="Practical Nursing",="Withdrawn",="Felbry College",="Residential",="5/12/2025",="6/10/2025",Administrative Withdrawal,="Half-time (50%)",
="800000502",="Brianna",="Adkins",="SUMMER 2025",="Practical Nursing",="Withdrawn",="Felbry College",="Residential",="5/12/2025",="3/27/2025",="Personal",="Full-time (100%)",
="800001581",="Aniaya",="Morton",="SUMMER 2025",="Practical Nursing",="Withdrawn",="Felbry College",="Residential",="5/12/2025",="9/3/2025",="Academic Dismissal",="Half-time (50%)",
="800001592",="Tanazja",="Barker Willoughby",="SUMMER 2025",="Practical Nursing",="Withdrawn",="Felbry College",="Residential",="5/12/2025",="6/4/2025",="Personal",="Half-time (50%)",
